name,VIN,year,price,miles,Exterior Color,Interior Color,Seller Name,Seller Phone,Transmission,Drivetrain
2016 Honda Accord Sedan 4dr I4 CVT EX w/Honda Sensing,1HGCR2F00GA010295,2016,20900,34696,Basque Red Pearl II,Ivory,Zimbrick Honda,,Automatic,Front Wheel Drive
2004 Honda Accord Sdn EX Auto w/Leather/XM,1HGCM56874A041660,2004,5400,173519,Eternal Blue Pearl,Gray,Zimbrick Honda,,Automatic,Front Wheel Drive
2015 Honda Accord Sedan 4dr I4 CVT EX-L,1HGCR2F81FA112502,2015,19900,20403,Hematite Metallic,Black,Zimbrick Honda,,Automatic,Front Wheel Drive
2016 Honda Accord Sedan 4dr I4 CVT Sport,1HGCR2F58GA056002,2016,19500,37220,Modern Steel Metallic,Black,Zimbrick Honda,,Automatic,Front Wheel Drive
2015 Honda Accord Sedan 4dr I4 CVT EX-L,1HGCR2F88FA101707,2015,19400,33508,Basque Red Pearl II,Ivory,Zimbrick Honda,,Automatic,Front Wheel Drive
2015 Honda Accord Coupe 2dr I4 CVT EX-L,1HGCT1B89FA000953,2015,18900,3753,Alabaster Silver Metallic,Black,Zimbrick Honda,,Automatic,Front Wheel Drive
2015 Honda Accord Sedan 4dr I4 CVT EX-L,1HGCR2F86FA114813,2015,17900,53761,Crystal Black Pearl,Black,Zimbrick Honda,,Automatic,Front Wheel Drive
2015 Honda Accord Sedan 4dr I4 CVT LX,1HGCR2F32FA164676,2015,17400,12948,Modern Steel Metallic,Black,Zimbrick Honda,,Automatic,Front Wheel Drive
2016 Honda Accord Sedan 4dr I4 CVT LX,1HGCR2F33GA044998,2016,16900,34028,Modern Steel Metallic,Black,Zimbrick Honda,,Automatic,Front Wheel Drive
2017 Honda Accord Sedan Sport CVT,1HGCR2F50HA157925,2017,22900,8630,Obsidian Blue Pearl,Black,Zimbrick Honda,,,Front Wheel Drive
2012 Honda Accord Sdn 4dr I4 Auto LX Premium,1HGCP2F40CA075750,2012,12900,48887,Alabaster Silver Metallic,Gray,Zimbrick Honda,,Automatic,Front Wheel Drive
2013 Honda Accord EX-L V-6 Coupe,1HGCT2B88DA005127,2013,15651,53985,Modern Steel,BLACK,Kayser Automotive Group,888-276-6308 888-276-9145,Automatic,Front Wheel Drive
2015 Honda Accord 4dr I4 CVT Sport,1HGCR2F57FA167168,2015,16687,31545,Obsidian Blue Pearl,Black,Zimbrick Inc,608-620-7188,Automatic,Front Wheel Drive
2014 Honda Accord 4dr I4 CVT Sport,1HGCR2F56EA280303,2014,11889,115717,Modern Steel Metallic,Black,Zimbrick Inc,608-620-7188,Automatic,Front Wheel Drive
2016 Honda Accord 4dr I4 CVT Sport,1HGCR2F52GA065486,2016,19900,36754,White Orchid Pearl,Black,Zimbrick Inc,608-620-7188,Automatic,Front Wheel Drive
2014 Honda Accord Sport Sedan,1HGCR2F57EA033565,2014,13995,59500,White,Black,A to Z Autosports LLC,888-825-1967,Automatic,Front Wheel Drive
2012 Honda Accord Sedan,1HGCP2F75CA024982,2012,10250,108680,Polished Metal Metallic,Gray,Lexus of Madison,877-510-3625 877-545-4105,Automatic,Front Wheel Drive
Used 2005 Honda Accord EX-L V6,1HGCM66515A008912,2005,3998,216803,Graphite Pearl,Gray,Russ Darrow Kia,888-356-1417,Automatic,Front Wheel Drive
Used 2014 Honda Accord LX,1HGCR2F35EA255150,2014,13777,62834,Blue,,Russ Darrow Kia,888-356-1417,Automatic,Front Wheel Drive
Used 2002 Honda Accord LX 2.3,1HGCG56482A131479,2002,1999,146979,Satin Silver Metallic,Quartz,Russ Darrow Kia,888-356-1417,Automatic,Front Wheel Drive
2015 Honda Accord EX-L Sedan,1HGCR2F89FA225050,2015,20785,23789,Gray,,DON MILLER SUBARU,855-808-3072,Automatic,Front Wheel Drive
Used 2012 Honda Accord LX 2.4,1HGCP2F38CA237101,2012,10890,92846,Silver,,Russ Darrow Kia,888-356-1417,Automatic,Front Wheel Drive
Used 2014 Honda Accord Touring,1HGCR3F90EA035411,2014,19877,31445,Crystal Black Pearl,Black,Russ Darrow Kia,888-356-1417,Automatic,Front Wheel Drive
Used 2014 Honda Accord Sport,1HGCR2F59EA185153,2014,14497,44564,Gray,Gray,Russ Darrow Kia,888-356-1417,Automatic,Front Wheel Drive
Used 2015 Honda Accord LX,1HGCR2F34FA058519,2015,14498,46032,Crystal Black Pearl,Black,Russ Darrow Kia,888-356-1417,Automatic,Front Wheel Drive
Used 1998 Honda Accord LX,1HGCG1640WA013070,1998,1597,294016,Regent Silver Metallic,,Russ Darrow Kia,888-356-1417,Automatic,Front Wheel Drive
Used 2000 Honda Accord EX-L,1HGCG165XYA071151,2000,1874,165801,Signet Silver Metallic,Quartz,Russ Darrow Kia,888-356-1417,Automatic,Front Wheel Drive
Used 2015 Honda Accord EX-L,1HGCT1B83FA010068,2015,19554,35888,San Marino Red,Black,Russ Darrow Kia,888-356-1417,Automatic,Front Wheel Drive
Used 2014 Honda Accord LX,1HGCR2F30EA283132,2014,14289,41939,Crystal Black Pearl,Black,Russ Darrow Kia,888-356-1417,Automatic,Front Wheel Drive
Used 2004 Honda Accord EX 2.4,1HGCM55764A033980,2004,5333,109602,Graphite Pearl,Gray,Russ Darrow Kia,888-356-1417,Manual,Front Wheel Drive
Used 2008 Honda Accord EX 3.5,1HGCP36728A011510,2008,9277,71561,Basque Red Pearl,Black,Russ Darrow Kia,888-356-1417,Automatic,Front Wheel Drive
Used 2007 Honda Accord EX-L,1HGCM56897A155714,2007,6994,106620,Silver Frost Metallic,Gray,Russ Darrow Kia,888-356-1417,Automatic,Front Wheel Drive
Used 2015 Honda Accord EX-L,1HGCR2F87FA191528,2015,17998,35345,Dark Blue,,Russ Darrow Kia,888-356-1417,Automatic,Front Wheel Drive
Used 2014 Honda Accord EX-L,1HGCT1B88EA011425,2014,15899,26695,San Marino Red,Black,Russ Darrow Kia,888-356-1417,Automatic,Front Wheel Drive
Used 2014 Honda Accord EX,1HGCR2F72EA298198,2014,13999,67573,Crystal Black Pearl,Black,Russ Darrow Kia,888-356-1417,Automatic,Front Wheel Drive
Used 2015 Honda Accord EX,1HGCR2F7XFA105779,2015,18333,30663,Obsidian Blue Pearl,Gray,Russ Darrow Kia,888-356-1417,Automatic,Front Wheel Drive
Used 2015 Honda Accord EX-L,1HGCR2F87FA119762,2015,18998,37722,Crystal Black Pearl,Black,Russ Darrow Kia,888-356-1417,Automatic,Front Wheel Drive
Used 2015 Honda Accord LX,1HGCR2F36FA080960,2015,13899,32085,Maroon,Gray,Russ Darrow Kia,888-356-1417,Automatic,Front Wheel Drive
Used 2016 Honda Accord EX,1HGCR2F7XGA117531,2016,19789,19708,Crystal Black Pearl,Black,Russ Darrow Kia,888-356-1417,Automatic,Front Wheel Drive
Used 2003 Honda Accord EX 2.4,JHMCM56663C066130,2003,3944,141340,Nighthawk Black Pearl,Gray,Russ Darrow Kia,888-356-1417,Automatic,Front Wheel Drive
Used 2015 Honda Accord EX-L,1HGCR2F87FA171831,2015,18885,39066,Modern Steel Metallic,Black,Russ Darrow Kia,888-356-1417,Automatic,Front Wheel Drive
Used 2015 Honda Accord EX,1HGCR2F72FA186924,2015,16661,48480,Black,,Russ Darrow Kia,888-356-1417,Automatic,Front Wheel Drive
2016 Honda Accord Sport Sedan,1HGCR2F5XGA170681,2016,21360,23722,Red,BLACK,Don Miller Pre-Owned,608-442-3131,Automatic,Front Wheel Drive
2010 Honda Accord 2.4 EX-L Sedan,1HGCP2F80AA037984,2010,8995,130025,Royal Blue Pearl,,Don Miller Pre-Owned,608-442-3131,Automatic,Front Wheel Drive
2008 Honda Accord Sedan,1HGCP26358A000122,2008,11991,53025,Polished Metal Metallic,Gray Cloth,East Madison Toyota,877-886-0678,Automatic,Front Wheel Drive
2010 Honda Accord Sedan,1HGCP3F88AA022588,2010,14991,40921,SILVER,,East Madison Toyota,877-886-0678,Automatic,Front Wheel Drive
2011 Honda Accord Sedan,1HGCP2F84BA104684,2011,15991,39367,,,East Madison Toyota,877-886-0678,Automatic,Front Wheel Drive
2005 Honda Accord Coupe,1HGCM72685A016994,2005,7991,187568,,,East Madison Toyota,877-886-0678,Automatic,Front Wheel Drive
2004 Honda Accord 2.4 EX w/Leather/XM Coupe 4 cyls,1HGCM71604A022191,2004,5980,123921,,,Metro Ford,(888) 750-5842,Manual,Front Wheel Drive
2005 Honda Accord LX Special Edition Coupe,1HGCM725X5A026675,2005,4200,106212,Sapphire Blue Pearl,Black,DeSmet Auto Sales,877-428-6795,Automatic,Front Wheel Drive
2005 Honda Accord LX sedan AT,1HGCM56435A013482,2005,5490,91200,Black,Cloth,Skyline Automotive LLC,(608) 370-2151,Automatic,Front Wheel Drive
2015 Honda Accord EX-L,1HGCR2F86FA172811,2015,17300,36750,White,Parchment,Dane County Chrysler Dodge Jeep RAM,888-217-4833 888-708-8920,Automatic,Front Wheel Drive
2015 HONDA ACCORD SEDAN LX,1HGCR2F39FA114941,2015,15900,34306,Gray,Gray,Ness Auto Sales,888-479-7388,Automatic,Front Wheel Drive
