name,VIN,year,price,miles,Exterior Color,Interior Color,seller_name,seller_phone,Transmission,Drivetrain
2016 Ford Explorer XLT SUV,1FM5K8D80GGC64816,2016,32636,16300,,,Kayser Automotive Group,888-276-6308 888-276-9145,Automatic,All Wheel Drive
2015 Ford Focus SE Sedan,1FADP3F21FL253767,2015,11747,23304,Tectonic,MEDIUM LIGHT STONE,Kayser Automotive Group,888-276-6308 888-276-9145,Manual,Front Wheel Drive
2015 Ford Escape SE SUV,1FMCU9GX2FUA67396,2015,16998,39638,Ruby Red Metallic Tinted Clearcoat,CHARCOAL BLACK,Kayser Automotive Group,888-276-6308 888-276-9145,Automatic,All Wheel Drive
2015 Ford Escape SE SUV,1FMCU9G92FUA90713,2015,16729,39444,Oxford White,CHARCOAL BLACK,Kayser Automotive Group,888-276-6308 888-276-9145,Automatic,All Wheel Drive
2015 Ford Escape SE SUV,1FMCU9G93FUA90056,2015,17361,31670,Ruby Red Metallic Tinted Clearcoat,CHARCOAL BLACK,Kayser Automotive Group,888-276-6308 888-276-9145,Automatic,All Wheel Drive
2015 Ford Escape SE SUV,1FMCU9G98FUB18420,2015,17325,39946,Ruby Red Metallic Tinted Clearcoat,CHARCOAL BLACK,Kayser Automotive Group,888-276-6308 888-276-9145,Automatic,All Wheel Drive
2015 Ford Escape SE SUV,1FMCU9GX4FUA76505,2015,16498,48272,White Platinum Metallic Tri-Coat,CHARCOAL BLACK,Kayser Automotive Group,888-276-6308 888-276-9145,Automatic,All Wheel Drive
2015 Ford Escape SE SUV,1FMCU9G99FUA82804,2015,15798,53392,Magnetic,MEDIUM LIGHT STONE,Kayser Automotive Group,888-276-6308 888-276-9145,Automatic,All Wheel Drive
2016 Ford Escape SE SUV,1FMCU9GX5GUB95665,2016,19198,21406,Ruby Red Tinted,GRAY,Kayser Automotive Group,888-276-6308 888-276-9145,Automatic,All Wheel Drive
2016 Ford Escape SE SUV,1FMCU9GX3GUB14064,2016,18698,23707,Ingot Silver,CHARCOAL BLACK,Kayser Automotive Group,888-276-6308 888-276-9145,Automatic,All Wheel Drive
2016 Ford Escape SE SUV,1FMCU9GXXGUA95903,2016,19296,31162,Shadow Black,CHARCOAL BLACK,Kayser Automotive Group,888-276-6308 888-276-9145,Automatic,All Wheel Drive
2017 Ford Escape SE SUV,1FMCU9G98HUB08375,2017,18879,31157,Shadow Black,CHARCOAL BLACK,Kayser Automotive Group,888-276-6308 888-276-9145,Automatic,All Wheel Drive
2017 Ford Escape SE SUV,1FMCU9G99HUB67211,2017,19181,28140,Magnetic,CHARCOAL BLACK,Kayser Automotive Group,888-276-6308 888-276-9145,Automatic,All Wheel Drive
2017 Ford Escape SE SUV,1FMCU9GDXHUE31315,2017,22462,2117,Oxford White,CHARCOAL BLACK,Kayser Automotive Group,888-276-6308 888-276-9145,Automatic,All Wheel Drive
2017 Ford Escape SE SUV,1FMCU9G95HUA95665,2017,17614,41406,Ingot Silver,MEDIUM LIGHT STONE,Kayser Automotive Group,888-276-6308 888-276-9145,Automatic,All Wheel Drive
2017 Ford Escape SE SUV,1FMCU9GD4HUE75892,2017,22856,2154,Shadow Black,CHARCOAL BLACK,Kayser Automotive Group,888-276-6308 888-276-9145,Automatic,All Wheel Drive
2017 Ford Escape SE SUV,1FMCU0G95HUE31312,2017,22989,2187,Lightning Blue,KL/,Kayser Automotive Group,888-276-6308 888-276-9145,,Front Wheel Drive
2017 Ford Escape SE SUV,1FMCU9G93HUB67110,2017,18458,34404,White Gold Metallic,CHARCOAL BLACK,Kayser Automotive Group,888-276-6308 888-276-9145,Automatic,All Wheel Drive
2017 Ford Transit-250 w/Sliding Pass-Side Cargo-Door Van High Roof Extended-Length Cargo Van,1FTYR3XM1HKB27648,2017,30398,31533,Oxford White,PEWTER,Kayser Automotive Group,888-276-6308 888-276-9145,Automatic,Rear Wheel Drive
2017 Ford Transit-250 XL Van Low Roof Cargo Van,1FTYR2ZM6HKA75120,2017,23749,18632,Oxford White,PEWTER,Kayser Automotive Group,888-276-6308 888-276-9145,Automatic,Rear Wheel Drive
2017 Ford Transit-150 w/Sliding Pass-Side Cargo-Door Van Medium Roof Cargo Van,1FTYE2CM6HKB15426,2017,23810,25405,Oxford White,PEWTER,Kayser Automotive Group,888-276-6308 888-276-9145,Automatic,Rear Wheel Drive
2014 Ford F-150 Platinum Truck SuperCrew Cab,1FTFW1EF0EFB58225,2014,30949,62391,Oxford White,BLACK,Kayser Automotive Group,888-276-6308 888-276-9145,Automatic,4-Wheel Drive
2009 Ford F-150 Lariat Truck Super Cab,1FTPX14V79FB41373,2009,14349,136438,Razor Red Metallic w Tinted Clearcoat,TAN/CAMEL,Kayser Automotive Group,888-276-6308 888-276-9145,Automatic,4-Wheel Drive
2012 Ford F-150 Lariat Truck SuperCrew Cab,1FTFW1CT0CFB51619,2012,22994,62492,Copper,PALE ADOBE,Kayser Automotive Group,888-276-6308 888-276-9145,Automatic,Rear Wheel Drive
2014 Ford F-150 Lariat Truck SuperCrew Cab,1FTFW1EF4EKE91339,2014,31598,36584,Sterling Gray Metallic,STEEL GRAY,Kayser Automotive Group,888-276-6308 888-276-9145,Automatic,4-Wheel Drive
2015 Ford F-150 Lariat Truck SuperCrew Cab,1FTEW1EG3FFA50980,2015,37449,48851,Tuxedo Black Metallic,BLACK,Kayser Automotive Group,888-276-6308 888-276-9145,Automatic,4-Wheel Drive
2015 Ford F-150 King Ranch Truck SuperCrew Cab,1FTEW1EG3FFC27866,2015,39947,45600,Bronze Fire Metallic,MESA,Kayser Automotive Group,888-276-6308 888-276-9145,Automatic,4-Wheel Drive
2016 Ford F-150 Lariat Truck,1FTFX1EF9GFB35462,2016,38874,7080,Shadow Black,BLACK,Kayser Automotive Group,888-276-6308 888-276-9145,Automatic,4-Wheel Drive
2017 Ford Explorer SUV,1FM5K8F85HGD24166,2017,32792,21339,Shadow Black,EBONY BLACK,Kayser Automotive Group,888-276-6308 888-276-9145,Automatic,All Wheel Drive
2012 Ford F-150 FX4 Truck SuperCrew Cab,1FTFW1ET4CKD93141,2012,20898,104380,Vermillion Red,BLACK,Kayser Automotive Group,888-276-6308 888-276-9145,Automatic,4-Wheel Drive
2012 Ford Explorer XLT SUV,1FMHK7D86CGA65075,2012,12988,135334,White Suede,MEDIUM LIGHT STONE,Kayser Automotive Group,888-276-6308 888-276-9145,Automatic,Front Wheel Drive
2012 Ford Explorer XLT SUV,1FMHK8D85CGA80737,2012,14147,120080,,,Kayser Automotive Group,888-276-6308 888-276-9145,Automatic,All Wheel Drive
2014 Ford Explorer XLT SUV,1FM5K8D82EGB77769,2014,20249,74741,Sterling Gray Metallic,MEDIUM LIGHT STONE,Kayser Automotive Group,888-276-6308 888-276-9145,Automatic,All Wheel Drive
2014 Ford Explorer XLT SUV,1FM5K8D89EGB17004,2014,24898,36879,Ingot Silver Metallic,CHARCOAL BLACK,Kayser Automotive Group,888-276-6308 888-276-9145,Automatic,All Wheel Drive
2015 Ford Explorer XLT SUV,1FM5K8D81FGA76434,2015,26775,35006,Oxford White,MEDIUM LIGHT STONE,Kayser Automotive Group,888-276-6308 888-276-9145,Automatic,All Wheel Drive
2015 Ford Explorer XLT SUV,1FM5K7D87FGB79027,2015,23625,33980,Magnetic,MEDIUM LIGHT STONE,Kayser Automotive Group,888-276-6308 888-276-9145,Automatic,Front Wheel Drive
2015 Ford Explorer XLT SUV,1FM5K8D85FGB08785,2015,25649,33690,White Platinum Metallic Tri-Coat,CHARCOAL BLACK,Kayser Automotive Group,888-276-6308 888-276-9145,Automatic,All Wheel Drive
2017 Ford Expedition EL XLT SUV,1FMJK1JT0HEA39923,2017,40798,23455,Magnetic,EBONY,Kayser Automotive Group,888-276-6308 888-276-9145,Automatic,4-Wheel Drive
2017 Ford Expedition EL Limited SUV,1FMJK2ATXHEA75740,2017,42998,23874,Shadow Black,EBONY,Kayser Automotive Group,888-276-6308 888-276-9145,Automatic,4-Wheel Drive
2017 Ford Expedition SUV,1FMJU1JT8HEA41820,2017,37172,29198,Shadow Black,EBONY,Kayser Automotive Group,888-276-6308 888-276-9145,Automatic,4-Wheel Drive
2015 Ford Expedition XLT SUV,1FMJU1JT2FEF35670,2015,33598,31391,Tuxedo Black Metallic,DUNE,Kayser Automotive Group,888-276-6308 888-276-9145,Automatic,4-Wheel Drive
2017 Ford Expedition XLT SUV,1FMJU1JT0HEA03806,2017,29897,49497,Shadow Black,EBONY,Kayser Automotive Group,888-276-6308 888-276-9145,Automatic,4-Wheel Drive
2017 Ford Expedition Limited SUV,1FMJU2AT8HEA53200,2017,38999,29933,Shadow Black,EBONY,Kayser Automotive Group,888-276-6308 888-276-9145,,4-Wheel Drive
2014 Ford Escape Titanium SUV,1FMCU9J91EUD39803,2014,18899,32214,Tuxedo Black,CHARCOAL BLACK,Kayser Automotive Group,888-276-6308 888-276-9145,Automatic,All Wheel Drive
2015 Ford Escape Titanium SUV,1FMCU9JX2FUA74969,2015,19725,26101,Tuxedo Black,CHARCOAL BLACK,Kayser Automotive Group,888-276-6308 888-276-9145,Automatic,All Wheel Drive
2015 Ford Escape Titanium SUV,1FMCU0JX1FUA22955,2015,18998,24961,Ruby Red Tinted,,Kayser Automotive Group,888-276-6308 888-276-9145,Automatic,Front Wheel Drive
2015 Ford Escape Titanium SUV,1FMCU9J94FUB04619,2015,19798,43989,Ruby Red Metallic Tinted Clearcoat,CHARCOAL BLACK,Kayser Automotive Group,888-276-6308 888-276-9145,Automatic,All Wheel Drive
2015 Ford Escape Titanium SUV,1FMCU9JX2FUB18162,2015,20524,27730,White Platinum Metallic Tri-Coat,MEDIUM LIGHT STONE,Kayser Automotive Group,888-276-6308 888-276-9145,Automatic,All Wheel Drive
2017 Ford Escape Titanium SUV,1FMCU9J95HUF03347,2017,27957,2743,Ingot Silver Metallic,WB/BLACK,Kayser Automotive Group,888-276-6308 888-276-9145,Automatic,All Wheel Drive
2013 Ford Escape SE 4WD SUV,1FMCU9GX3DUB79136,2013,10814,107603,Deep Impact Blue,CHARCOAL BLACK,Kayser Automotive Group,888-276-6308 888-276-9145,Automatic,All Wheel Drive
2014 Ford Escape SE SUV,1FMCU9GX4EUB94259,2014,9899,124761,Ingot Silver Metallic,CHARCOAL BLACK,Kayser Automotive Group,888-276-6308 888-276-9145,Automatic,All Wheel Drive
2015 Ford Escape SE SUV,1FMCU9G93FUB06840,2015,18298,41829,Magnetic,CHARCOAL BLACK,Kayser Automotive Group,888-276-6308 888-276-9145,Automatic,All Wheel Drive
2015 Ford Escape SE SUV,1FMCU9GX9FUB08025,2015,16898,35263,Magnetic,CHARCOAL BLACK,Kayser Automotive Group,888-276-6308 888-276-9145,Automatic,All Wheel Drive
2016 Ford Fusion SE Sedan,3FA6P0H77GR326885,2016,13489,42519,Oxford White,EBONY,Kayser Automotive Group,888-276-6308 888-276-9145,Automatic,Front Wheel Drive
2016 Ford Fusion SE Sedan,3FA6P0HD8GR170880,2016,16274,27685,Deep Impact Blue,EBONY,Kayser Automotive Group,888-276-6308 888-276-9145,Automatic,Front Wheel Drive
2016 Ford Fusion SE Sedan,1FA6P0H70G5122187,2016,14124,33635,Deep Impact Blue,EBONY,Kayser Automotive Group,888-276-6308 888-276-9145,Automatic,Front Wheel Drive
2016 Ford Fusion SE Sedan,1FA6P0HD8G5117888,2016,14975,29865,Ruby Red Metallic Tinted Clearcoat,EBONY,Kayser Automotive Group,888-276-6308 888-276-9145,Automatic,Front Wheel Drive
2017 Ford Fusion SE Sedan,3FA6P0HD5HR378006,2017,18261,1829,Red,BLACK,Kayser Automotive Group,888-276-6308 888-276-9145,Automatic,Front Wheel Drive
2016 Ford Focus Titanium Hatchback,1FADP3N24GL293697,2016,14994,31100,Kona Blue,CHARCOAL BLACK,Kayser Automotive Group,888-276-6308 888-276-9145,Automated Manual,Front Wheel Drive
2015 Ford Fusion S Sedan,3FA6P0G78FR221014,2015,11111,45457,Tuxedo Black,EARTH GRAY,Kayser Automotive Group,888-276-6308 888-276-9145,Automatic,Front Wheel Drive
2017 Ford Focus SE Sedan,1FADP3F24HL323331,2017,14504,2069,Oxford White,YL/,Kayser Automotive Group,888-276-6308 888-276-9145,,
2014 Ford Flex SEL SUV,2FMHK6C8XEBD36600,2014,21998,39855,Mineral Gray Metallic,CHARCOAL BLACK,Kayser Automotive Group,888-276-6308 888-276-9145,Automatic,All Wheel Drive
2015 Ford Flex SEL SUV,2FMHK6C80FBA03999,2015,25468,44932,Ruby Red Tinted,,Kayser Automotive Group,888-276-6308 888-276-9145,Automatic,All Wheel Drive
2017 Ford Flex SEL SUV,2FMHK6C81HBA04274,2017,26248,15287,Oxford White,CHARCOAL BLACK,Kayser Automotive Group,888-276-6308 888-276-9145,,All Wheel Drive
2011 Ford F-550 Chassis Truck Regular Cab,1FDUF5HT6BEB27042,2011,29995,61740,Vermillion Red,GRAY,Kayser Automotive Group,888-276-6308 888-276-9145,,
2011 Ford F-350 Truck Crew Cab,1FT8W3BT4BEC73930,2011,30998,118926,Vermillion Red,ADOBE,Kayser Automotive Group,888-276-6308 888-276-9145,Automatic,4-Wheel Drive
2008 Ford F-650SD Truck,3FRNF65M78V650873,2008,19995,228337,White,GRAY,Kayser Automotive Group,888-276-6308 888-276-9145,,
2017 Ford F-350 Truck Crew Cab,1FT8W3DT6HEC78830,2017,59660,13686,Shadow Black,,Kayser Automotive Group,888-276-6308 888-276-9145,Automatic,4-Wheel Drive
2016 Ford F-150 XLT Truck SuperCrew Cab,1FTEW1EP3GFB53074,2016,31349,29965,Green Gem Metallic,MEDIUM EARTH GRAY,Kayser Automotive Group,888-276-6308 888-276-9145,Automatic,4-Wheel Drive
2016 Ford F-150 XLT SuperCrew,1FTFW1EG3GFA73956,2016,28595,40096,Black,,Kayser Automotive Group,888-276-6308 888-276-9145,Automatic,4-Wheel Drive
2016 Ford F-150 XLT Truck SuperCrew Cab,1FTEW1E81GKE09650,2016,29999,14960,Race Red,MEDIUM EARTH GRAY,Kayser Automotive Group,888-276-6308 888-276-9145,Automatic,4-Wheel Drive
2016 Ford F-150 XLT Truck SuperCrew Cab,1FTEW1EP0GFA84585,2016,32330,29750,Shadow Black,MEDIUM EARTH GRAY,Kayser Automotive Group,888-276-6308 888-276-9145,Automatic,4-Wheel Drive
2017 Ford F-150 XLT SuperCrew,1FTEW1E86HKD12137,2017,26995,21749,Shadow Black,DARK EARTH GRAY,Kayser Automotive Group,888-276-6308 888-276-9145,Automatic,4-Wheel Drive
2017 Ford F-150 XLT SuperCrew,1FTEW1E85HKD27146,2017,27995,13149,Blue Jeans Metallic,GRAY,Kayser Automotive Group,888-276-6308 888-276-9145,Automatic,4-Wheel Drive
2017 Ford F-150 XLT SuperCrew,1FTEW1E82HFC37588,2017,27995,20630,Brown,,Kayser Automotive Group,888-276-6308 888-276-9145,Automatic,4-Wheel Drive
2017 Ford F-150 XLT Truck SuperCrew Cab,1FTEW1EG6HKC66493,2017,32239,15404,Blue Jeans Metallic,MEDIUM EARTH GRAY,Kayser Automotive Group,888-276-6308 888-276-9145,Automatic,4-Wheel Drive
2017 Ford F-150 XLT Truck SuperCab Styleside,1FTEX1E8XHFA14020,2017,30587,12239,Blue Jeans Metallic,MEDIUM EARTH GRAY,Kayser Automotive Group,888-276-6308 888-276-9145,Automatic,4-Wheel Drive
2017 Ford F-150 XLT Truck SuperCrew Cab,1FTEW1EF3HFC37341,2017,29724,19655,Shadow Black,DARK EARTH GRAY,Kayser Automotive Group,888-276-6308 888-276-9145,Automatic,4-Wheel Drive
2017 Ford F-150 XLT Truck SuperCrew Cab,1FTEW1EG1HFA87884,2017,31498,13766,Shadow Black,MEDIUM EARTH GRAY,Kayser Automotive Group,888-276-6308 888-276-9145,Automatic,4-Wheel Drive
2017 Ford F-150 XLT Truck SuperCrew Cab,1FTEW1EF6HFB23477,2017,29725,17292,Bronze,MEDIUM EARTH GRAY,Kayser Automotive Group,888-276-6308 888-276-9145,Automatic,4-Wheel Drive
2017 Ford F-150 XLT Truck SuperCrew Cab,1FTEW1E86HKC75705,2017,29676,15267,Oxford White,MEDIUM EARTH GRAY,Kayser Automotive Group,888-276-6308 888-276-9145,Automatic,4-Wheel Drive
2017 Ford F-150 XLT Truck SuperCrew Cab,1FTEW1EF5HKD11138,2017,29708,15896,Race Red,MEDIUM EARTH GRAY,Kayser Automotive Group,888-276-6308 888-276-9145,Automatic,4-Wheel Drive
2017 Ford F-150 XLT Truck SuperCrew Cab,1FTEW1EF6HFC83472,2017,36598,6157,Oxford White,UG/GRAY,Kayser Automotive Group,888-276-6308 888-276-9145,Automatic,4-Wheel Drive
2014 Ford F-150 STX,1FTEX1CM4EFC98837,2014,19995,28059,Black,,Kayser Automotive Group,888-276-6308 888-276-9145,Automatic,Rear Wheel Drive
2014 Ford F-150 Truck SuperCrew Cab,1FTFW1ET1EFB95919,2014,34618,20499,Blue Jeans,,Kayser Automotive Group,888-276-6308 888-276-9145,Automatic,4-Wheel Drive
2014 Ford F-150 Truck SuperCrew Cab,1FTFW1ET8EKD81478,2014,25866,48774,Tuxedo Black Metallic,STEEL GRAY,Kayser Automotive Group,888-276-6308 888-276-9145,Automatic,4-Wheel Drive
2015 Ford F-150 Truck SuperCab Styleside,1FTEX1EP5FKD36303,2015,29747,21369,Tuxedo Black,,Kayser Automotive Group,888-276-6308 888-276-9145,Automatic,4-Wheel Drive
2015 Ford F-150 Truck SuperCrew Cab,1FTEW1EG0FFA52928,2015,43468,17795,,,Kayser Automotive Group,888-276-6308 888-276-9145,Automatic,4-Wheel Drive
2015 Ford F-150 Truck SuperCrew Cab,1FTEW1EF4FFC20366,2015,30798,37729,Race Red,MEDIUM EARTH GRAY,Kayser Automotive Group,888-276-6308 888-276-9145,Automatic,4-Wheel Drive
2015 Ford F-150 Truck SuperCrew Cab,1FTEW1EG0FKE04834,2015,27972,57662,Tuxedo Black,,Kayser Automotive Group,888-276-6308 888-276-9145,Automatic,4-Wheel Drive
2015 Ford F-150 Truck SuperCrew Cab,1FTEW1EG1FKD58883,2015,33342,34438,Tuxedo Black Metallic,BLACK,Kayser Automotive Group,888-276-6308 888-276-9145,Automatic,4-Wheel Drive
2016 Ford F-150 Truck SuperCrew Cab,1FTEW1EG4GFA28911,2016,42825,45886,Shadow Black,BRUNELLO,Kayser Automotive Group,888-276-6308 888-276-9145,Automatic,4-Wheel Drive
2016 Ford F-150 Truck SuperCrew Cab,1FTEW1EF4GKD62208,2016,33899,19232,Blue Flame Metallic,BLACK,Kayser Automotive Group,888-276-6308 888-276-9145,Automatic,4-Wheel Drive
2016 Ford F-150 Truck SuperCrew Cab,1FTEW1EP2GFA77007,2016,32598,26554,Shadow Black,,Kayser Automotive Group,888-276-6308 888-276-9145,Automatic,4-Wheel Drive
2016 Ford F-150 Truck SuperCrew Cab,1FTEW1EF9GFB99838,2016,29479,43638,Blue,,Kayser Automotive Group,888-276-6308 888-276-9145,Automatic,4-Wheel Drive
2016 Ford F-150 Truck SuperCrew Cab,1FTFW1EG6GKD37243,2016,39167,31749,Oxford White,BLACK,Kayser Automotive Group,888-276-6308 888-276-9145,Automatic,4-Wheel Drive
2016 Ford F-150 Truck SuperCrew Cab,1FTEW1EP0GFB68678,2016,32598,27752,Shadow Black,,Kayser Automotive Group,888-276-6308 888-276-9145,Automatic,4-Wheel Drive
2016 Ford F-150 Truck SuperCrew Cab,1FTEW1EG3GFA62144,2016,32747,28284,Ingot Silver Metallic,MEDIUM EARTH GRAY,Kayser Automotive Group,888-276-6308 888-276-9145,Automatic,4-Wheel Drive
2017 Ford F-150 Truck SuperCrew Cab,1FTEW1EF6HFC36992,2017,29750,23128,Oxford White,MEDIUM LIGHT CAMEL,Kayser Automotive Group,888-276-6308 888-276-9145,Automatic,4-Wheel Drive
2017 Ford F-150 Truck SuperCab Styleside,1FTEX1EP6HFB74743,2017,32535,3968,Gray,,Kayser Automotive Group,888-276-6308 888-276-9145,Automatic,4-Wheel Drive
2017 Ford F-150 Truck SuperCrew Cab,1FTEW1E86HFC05663,2017,28304,19036,Shadow Black,,Kayser Automotive Group,888-276-6308 888-276-9145,Automatic,4-Wheel Drive
2010 Ford F-150 XLT Truck SuperCrew Cab,1FTFW1EV3AFA57830,2010,16700,97480,Tuxedo Black,BLACK,Kayser Automotive Group,888-276-6308 888-276-9145,Automatic,4-Wheel Drive
2012 Ford F-150 XLT Truck SuperCrew Cab,1FTFW1EF6CFB29373,2012,22899,50638,Dark Blue Pearl,STEEL GRAY,Kayser Automotive Group,888-276-6308 888-276-9145,Automatic,4-Wheel Drive
2010 Ford F-150 XLT Truck SuperCrew Cab,1FTFW1EV9AFD79839,2010,21898,43632,Blue Flame,MEDIUM STONE/STONE,Kayser Automotive Group,888-276-6308 888-276-9145,Automatic,4-Wheel Drive
2013 Ford F-150 XLT SuperCrew,1FTFW1EF1DKE12997,2013,22995,63000,Blue,,Kayser Automotive Group,888-276-6308 888-276-9145,Automatic,4-Wheel Drive
2014 Ford F-150 XLT Truck SuperCrew Cab,1FTFW1ET5EKF24970,2014,27698,30522,Green Gem Metallic,STEEL GRAY,Kayser Automotive Group,888-276-6308 888-276-9145,Automatic,4-Wheel Drive
2013 Ford F-150 XLT Truck SuperCrew Cab,1FTFW1ET7DFC10616,2013,23575,72643,Ingot Silver Metallic,STEEL GRAY,Kayser Automotive Group,888-276-6308 888-276-9145,Automatic,4-Wheel Drive
2014 Ford F-150 XLT Truck SuperCrew Cab,1FTFW1ET5EKG49399,2014,27247,48843,Vermillion Red,STEEL GRAY,Kayser Automotive Group,888-276-6308 888-276-9145,Automatic,4-Wheel Drive
2014 Ford F-150 XLT Truck SuperCrew Cab,1FTFW1ET6EKG49198,2014,26347,47623,Vermillion Red,STEEL GRAY,Kayser Automotive Group,888-276-6308 888-276-9145,Automatic,4-Wheel Drive
2014 Ford F-150 XLT Truck SuperCrew Cab,1FTFW1ET4EKF75232,2014,28119,29304,Oxford White,STEEL GRAY,Kayser Automotive Group,888-276-6308 888-276-9145,Automatic,4-Wheel Drive
2014 Ford F-150 XLT Truck SuperCrew Cab,1FTFW1EF4EKD29405,2014,27255,33485,Ingot Silver Metallic,STEEL GRAY,Kayser Automotive Group,888-276-6308 888-276-9145,Automatic,4-Wheel Drive
2015 Ford F-150 XLT Truck SuperCrew Cab,1FTEW1EG4FFC14947,2015,31149,25459,Blue Jeans Metallic,MEDIUM EARTH GRAY,Kayser Automotive Group,888-276-6308 888-276-9145,Automatic,4-Wheel Drive
2015 Ford F-150 XLT Truck SuperCrew Cab,1FTFW1EF7FKD45731,2015,30398,22979,Oxford White,DARK EARTH GRAY,Kayser Automotive Group,888-276-6308 888-276-9145,Automatic,4-Wheel Drive
2015 Ford F-150 XLT Truck SuperCrew Cab,1FTEW1E85FKD49290,2015,26793,55880,Oxford White,MEDIUM EARTH GRAY,Kayser Automotive Group,888-276-6308 888-276-9145,Automatic,4-Wheel Drive
2015 Ford F-150 XLT Truck SuperCrew Cab,1FTEW1EP7FFB09027,2015,31998,30598,Race Red,MEDIUM EARTH GRAY,Kayser Automotive Group,888-276-6308 888-276-9145,Automatic,4-Wheel Drive
2016 Ford F-150 XLT Super Cab,1FTEX1EP0GFA28871,2016,29995,7724,Blue Flame Metallic,MEDIUM EARTH GRAY,Kayser Automotive Group,888-276-6308 888-276-9145,Automatic,4-Wheel Drive
2017 Ford Transit-150 w/60/40 Pass-Side Cargo-Doors Van Low Roof Cargo Van,1FTYE1ZM9HKA75358,2017,19988,31043,Oxford White,PEWTER,Kayser Automotive Group,888-276-6308 888-276-9145,Automatic,Rear Wheel Drive
2015 Ford Taurus SEL Sedan,1FAHP2H88FG131834,2015,15452,64668,White,DUNE,Kayser Automotive Group,888-276-6308 888-276-9145,Automatic,All Wheel Drive
2017 Ford Transit Connect XLT Van,NM0LS7F77H1323128,2017,20989,2251,Frozen White,CHARCOAL BLACK,Kayser Automotive Group,888-276-6308 888-276-9145,,Front Wheel Drive
2014 Ford Taurus SE Sedan,1FAHP2D8XEG107135,2014,8925,158256,Oxford White,DUNE,Kayser Automotive Group,888-276-6308 888-276-9145,Automatic,Front Wheel Drive
2017 Ford Taurus Limited Sedan,1FAHP2F82HG108541,2017,21476,18197,Ingot Silver,CHARCOAL BLACK/MAYAN GRAY,Kayser Automotive Group,888-276-6308 888-276-9145,,Front Wheel Drive
2016 Ford Mustang GT Premium Coupe,1FA6P8CF3G5262294,2016,30497,17946,Shadow Black,EBONY,Kayser Automotive Group,888-276-6308 888-276-9145,Manual,Rear Wheel Drive
2016 Ford Mustang GT Premium Convertible,1FATP8FF1G5277892,2016,33987,15248,Gray,DARK SADDLE,Kayser Automotive Group,888-276-6308 888-276-9145,Manual,Rear Wheel Drive
2017 Ford Mustang GT Premium Convertible,1FATP8FF6H5273659,2017,36298,4697,Shadow Black,EBONY,Kayser Automotive Group,888-276-6308 888-276-9145,,Rear Wheel Drive
2001 Ford Mustang GT Coupe,1FAFP42X61F242447,2001,10549,48595,Black,DARK CHARCOAL,Kayser Automotive Group,888-276-6308 888-276-9145,Manual,Rear Wheel Drive
2017 Ford Fusion Hybrid Sedan,3FA6P0RU2HR323107,2017,18185,30235,White,EBONY,Kayser Automotive Group,888-276-6308 888-276-9145,Automatic,Front Wheel Drive
2013 Ford Fusion SE Sedan,3FA6P0H76DR369528,2013,8899,162725,Tuxedo Black,,Kayser Automotive Group,888-276-6308 888-276-9145,Automatic,Front Wheel Drive
2010 Ford Fusion SE Sedan,3FAHP0HA7AR272127,2010,5949,158148,White Suede,MEDIUM LIGHT STONE,Kayser Automotive Group,888-276-6308 888-276-9145,Manual,Front Wheel Drive
2015 Ford Fusion SE Sedan,3FA6P0HD9FR124795,2015,14647,18822,Ruby Red Tinted Clearcoat,CHARCOAL BLACK,Kayser Automotive Group,888-276-6308 888-276-9145,Automatic,Front Wheel Drive
2015 Ford Fusion SE Sedan,1FA6P0HD5F5131133,2015,12456,65215,Ingot Silver,CHARCOAL BLACK,Kayser Automotive Group,888-276-6308 888-276-9145,Automatic,Front Wheel Drive
2015 Ford Fusion SE Sedan,3FA6P0H90FR148043,2015,14447,35853,Guard,CHARCOAL BLACK,Kayser Automotive Group,888-276-6308 888-276-9145,Automatic,Front Wheel Drive
2015 Ford Fusion SE Sedan,3FA6P0T99FR206156,2015,16825,31489,Ruby Red Tinted Clearcoat,CHARCOAL BLACK,Kayser Automotive Group,888-276-6308 888-276-9145,Automatic,All Wheel Drive
2017 Ford F-250SD Crew Cab,1FT7W2B62HEC25688,2017,34995,21608,Black,,Kayser Automotive Group,888-276-6308 888-276-9145,Automatic,4-Wheel Drive
2012 Ford F-350 Lariat Truck Crew Cab,1FT8W3BT1CEC65351,2012,29998,189290,Vermillion Red,BLACK,Kayser Automotive Group,888-276-6308 888-276-9145,Automatic,4-Wheel Drive
2016 Ford F-250SD Lariat Crew Cab,1FT7W2BT0GEA10475,2016,52995,6918,Oxford White,BLACK,Kayser Automotive Group,888-276-6308 888-276-9145,Automatic,4-Wheel Drive
2012 Ford F-250 Truck Regular Cab,1FTBF2B68CEA70082,2012,22898,48816,Oxford White,STEEL,Kayser Automotive Group,888-276-6308 888-276-9145,Automatic,4-Wheel Drive
2012 Ford F-250 Truck Crew Cab,1FT7W2B62CEA21241,2012,33998,52823,Ingot Silver Metallic,BLACK,Kayser Automotive Group,888-276-6308 888-276-9145,Automatic,4-Wheel Drive
2015 Ford F-250 XLT Truck Crew Cab,1FT7W2BT2FEB17056,2015,37140,79089,Caribou,ADOBE,Kayser Automotive Group,888-276-6308 888-276-9145,Automatic,4-Wheel Drive
2015 Ford F-250 XLT Truck Crew Cab,1FT7W2BT0FEA44608,2015,46898,38237,Red,ADOBE,Kayser Automotive Group,888-276-6308 888-276-9145,Automatic,4-Wheel Drive
2006 Ford F-150 SuperCrew XLT Truck SuperCrew Cab,1FTPW14526KB24521,2006,14441,85142,Blue,MEDIUM FLINT,Kayser Automotive Group,888-276-6308 888-276-9145,Automatic,4-Wheel Drive
2007 Ford F-150 SuperCrew Truck SuperCrew Cab,1FTPW14V07FA94879,2007,12825,115254,Black Clearcoat,BLACK,Kayser Automotive Group,888-276-6308 888-276-9145,Automatic,4-Wheel Drive
2011 Ford F-150 Truck SuperCrew Cab,1FTFW1EF5BFA12415,2011,22508,93711,,,Kayser Automotive Group,888-276-6308 888-276-9145,Automatic,4-Wheel Drive
2013 Ford F-150 Truck SuperCrew Cab,1FTFW1ET1DKG10291,2013,27199,21788,Vermillion Red,PALE ADOBE,Kayser Automotive Group,888-276-6308 888-276-9145,Automatic,4-Wheel Drive
2013 Ford F-150 Truck SuperCrew Cab,1FTFW1ET7DKF30025,2013,31998,26366,Sterling Gray Metallic,BLACK,Kayser Automotive Group,888-276-6308 888-276-9145,Automatic,4-Wheel Drive
2014 Ford F-150 Truck SuperCrew Cab,1FTFW1ET2EKD06629,2014,27579,35278,Tuxedo Black Metallic,STEEL GRAY,Kayser Automotive Group,888-276-6308 888-276-9145,Automatic,4-Wheel Drive
2014 Ford F-150 Truck SuperCab Styleside,1FTFX1ET5EKF16879,2014,27298,29908,Vermillion Red,,Kayser Automotive Group,888-276-6308 888-276-9145,Automatic,4-Wheel Drive
2014 Ford F-150 Truck SuperCab Styleside,1FTEX1CM5EFC28165,2014,19594,59510,Tuxedo Black,,Kayser Automotive Group,888-276-6308 888-276-9145,Automatic,Rear Wheel Drive
2014 Ford F-150 Truck SuperCrew Cab,1FTFW1ET3EFD10875,2014,27499,42409,Vermillion Red,STEEL GRAY,Kayser Automotive Group,888-276-6308 888-276-9145,Automatic,4-Wheel Drive
2015 Ford Edge SE SUV,2FMTK3G99FBB79963,2015,17998,32220,Deep Impact Blue Metallic,EBONY,Kayser Automotive Group,888-276-6308 888-276-9145,Automatic,Front Wheel Drive
2015 Ford C-Max Hybrid SEL Hatchback,1FADP5BU1FL116475,2015,16288,34959,Tectonic,CHARCOAL BLACK,Kayser Automotive Group,888-276-6308 888-276-9145,Automatic,Front Wheel Drive
2008 Ford Edge Limited SUV,2FMDK49C58BB05736,2008,10398,117090,Black Clearcoat,CHARCOAL BLACK,Kayser Automotive Group,888-276-6308 888-276-9145,Automatic,All Wheel Drive
2010 Ford Edge Limited SUV,2FMDK4KC9ABB63204,2010,12881,91602,Red,,Kayser Automotive Group,888-276-6308 888-276-9145,Automatic,All Wheel Drive
2014 Ford Escape S SUV,1FMCU0F79EUA74857,2014,13259,37333,Sunset,CHARCOAL BLACK,Kayser Automotive Group,888-276-6308 888-276-9145,Automatic,Front Wheel Drive
2011 Ford Escape Limited SUV,1FMCU9E73BKC60780,2011,11422,91261,,,Kayser Automotive Group,888-276-6308 888-276-9145,Automatic,All Wheel Drive
2017 Ford Edge Titanium SUV,2FMPK4K81HBB97141,2017,31725,17578,White Platinum Metallic Tri-Coat,CERAMIC,Kayser Automotive Group,888-276-6308 888-276-9145,,All Wheel Drive
2017 Ford Edge Titanium SUV,2FMPK4K88HBB89599,2017,30198,17559,Shadow Black,EBONY,Kayser Automotive Group,888-276-6308 888-276-9145,,All Wheel Drive
2017 Ford Edge Titanium SUV,2FMPK4K90HBB29549,2017,28279,20070,Ingot Silver Metallic,EBONY,Kayser Automotive Group,888-276-6308 888-276-9145,,All Wheel Drive
2017 Ford Edge Titanium SUV,2FMPK4K83HBC41768,2017,35598,2443,Blue Jeans Metallic,EBONY,Kayser Automotive Group,888-276-6308 888-276-9145,,All Wheel Drive
2017 Ford Edge Titanium SUV,2FMPK4K98HBB80541,2017,30317,19973,Ingot Silver Metallic,EBONY,Kayser Automotive Group,888-276-6308 888-276-9145,,All Wheel Drive
2007 Ford Edge SEL SUV,2FMDK48C17BA92225,2007,6449,184395,Carbon,MEDIUM LIGHT STONE,Kayser Automotive Group,888-276-6308 888-276-9145,Automatic,All Wheel Drive
2017 Ford Edge Titanium SUV,2FMPK4K80HBB72411,2017,34989,2089,Shadow Black,EBONY,Kayser Automotive Group,888-276-6308 888-276-9145,,All Wheel Drive
2017 Ford Edge Titanium SUV,2FMPK4K94HBB28372,2017,27996,24214,Ingot Silver,EBONY,Kayser Automotive Group,888-276-6308 888-276-9145,,All Wheel Drive
2013 Ford Edge SEL SUV,2FMDK3JC1DBB78358,2013,16293,50866,White,CHARCOAL BLACK,Kayser Automotive Group,888-276-6308 888-276-9145,Automatic,Front Wheel Drive
2013 Ford Edge SEL SUV,2FMDK3JCXDBA31021,2013,16397,34128,Ruby Red Metallic Tinted Clearcoat,CHARCOAL BLACK,Kayser Automotive Group,888-276-6308 888-276-9145,Automatic,Front Wheel Drive
2016 Ford Edge SEL SUV,2FMPK4J97GBB51189,2016,28895,16121,Kona Blue Metallic,EBONY,Kayser Automotive Group,888-276-6308 888-276-9145,Automatic,All Wheel Drive
2016 Ford Edge SEL SUV,2FMPK4J8XGBC67803,2016,22764,47236,Ingot Silver Metallic,EBONY,Kayser Automotive Group,888-276-6308 888-276-9145,Automatic,All Wheel Drive
2017 Ford Edge SEL SUV,2FMPK4J99HBB12122,2017,27990,28678,Ingot Silver,,Kayser Automotive Group,888-276-6308 888-276-9145,Automatic,All Wheel Drive
2017 Ford Edge SEL SUV,2FMPK4J88HBC47891,2017,32230,2111,White Platinum Clearcoat Metallic,DUNE,Kayser Automotive Group,888-276-6308 888-276-9145,,All Wheel Drive
2015 Ford Explorer XLT SUV,1FM5K8D85FGB48672,2015,25623,42190,Ruby Red Metallic Tinted Clearcoat,MEDIUM LIGHT STONE,Kayser Automotive Group,888-276-6308 888-276-9145,Automatic,All Wheel Drive
2015 Ford Explorer XLT SUV,1FM5K8D87FGA12768,2015,23725,54971,Tuxedo Black Metallic,CHARCOAL BLACK,Kayser Automotive Group,888-276-6308 888-276-9145,Automatic,All Wheel Drive
2015 Ford Explorer XLT SUV,1FM5K8D89FGA44640,2015,24149,43344,Tuxedo Black Metallic,CHARCOAL BLACK,Kayser Automotive Group,888-276-6308 888-276-9145,Automatic,All Wheel Drive
2015 Ford Explorer XLT SUV,1FM5K8D84FGA76296,2015,24625,47777,Oxford White,CHARCOAL BLACK,Kayser Automotive Group,888-276-6308 888-276-9145,Automatic,All Wheel Drive
2016 Ford Explorer XLT SUV,1FM5K8D87GGB67029,2016,25495,27131,Oxford White,MEDIUM LIGHT CAMEL,Kayser Automotive Group,888-276-6308 888-276-9145,Automatic,All Wheel Drive
2016 Ford Explorer XLT SUV,1FM5K8D80GGB60889,2016,27363,31159,Magnetic,EBONY BLACK,Kayser Automotive Group,888-276-6308 888-276-9145,Automatic,All Wheel Drive
2017 Ford Explorer XLT SUV,1FM5K8D86HGD81012,2017,30897,2264,Shadow Black,8W/BLACK,Kayser Automotive Group,888-276-6308 888-276-9145,,All Wheel Drive
2016 Ford Explorer Sport SUV,1FM5K8GT5GGC57070,2016,34799,19494,Ruby Red Metallic Tinted Clearcoat,EBONY BLACK,Kayser Automotive Group,888-276-6308 888-276-9145,Automatic,All Wheel Drive
2008 Ford Explorer Limited V8 SUV,1FMEU75808UA56733,2008,11441,102555,White Sand Tri-Coat,CAMEL,Kayser Automotive Group,888-276-6308 888-276-9145,Automatic,4-Wheel Drive
2012 Ford Explorer Limited SUV,1FMHK8F82CGA47286,2012,14921,146194,White Platinum Tri-Coat,,Kayser Automotive Group,888-276-6308 888-276-9145,Automatic,All Wheel Drive
2011 Ford Explorer Limited SUV,1FMHK8F86BGA68009,2011,15743,122143,Bordeaux Reserve Red Metallic,MEDIUM LIGHT STONE,Kayser Automotive Group,888-276-6308 888-276-9145,Automatic,All Wheel Drive
2015 Ford Explorer Limited SUV,1FM5K7F88FGB55865,2015,27998,21945,Ingot Silver,MEDIUM LIGHT STONE,Kayser Automotive Group,888-276-6308 888-276-9145,Automatic,Front Wheel Drive
2016 Ford Explorer Limited SUV,1FM5K8F86GGA57389,2016,28849,46223,Guard,EBONY BLACK,Kayser Automotive Group,888-276-6308 888-276-9145,Automatic,All Wheel Drive
2017 Ford Explorer Limited SUV,1FM5K8F89HGC69110,2017,31595,25418,White Gold Metallic,EBONY BLACK,Kayser Automotive Group,888-276-6308 888-276-9145,Automatic,All Wheel Drive
2017 Ford Expedition EL SUV,1FMJK1JT7HEA33424,2017,38462,25761,Ruby Red Metallic Tinted Clearcoat,EBONY,Kayser Automotive Group,888-276-6308 888-276-9145,Automatic,4-Wheel Drive
2017 Ford Mustang EcoBoost Premium Convertible,1FATP8UH5H5294992,2017,24990,28310,Shadow Black,EBONY,Zimbrick Hyundai West,888-483-5941 866-562-1339,Automatic,Rear Wheel Drive
Used 2013 Ford Super Duty F-250 SRW 4WD CREW CAB 156 LARIAT * NAVIGATION * LEATHER * TRAILER PREP PKG *,1FT7W2BT5DEA78783,2013,37998,110016,Tuxedo Black Metallic,Adobe,Bergstrom of Madison,608-271-2211,Automatic,4-Wheel Drive
Used 2016 Ford Explorer 4WD 4DR SPORT *NAVIGATION *HEATED & COOLED SEATS *LEATHER*,1FM5K8GTXGGB52458,2016,35980,26135,Off White,Ebony Black,Bergstrom of Madison,608-271-2211,Automatic,All Wheel Drive
Used 2015 Ford Expedition 4WD 4DR KING RANCH *HEATED & COOLED SEATS *SUNROOF *,1FMJU1JT2FEF26211,2015,35794,73159,Dark Red,Ebony,Bergstrom of Madison,608-271-2211,Automatic,4-Wheel Drive
Used 2017 Ford Explorer LIMITED 4WD * TOW PKG * REAR CLIMATE CONTROL * REAR CAMERA *,1FM5K8F85HGC69962,2017,33684,29374,Shadow Black,Ebony Black,Bergstrom of Madison,608-271-2211,Automatic,All Wheel Drive
Used 2017 Ford F-150 XLT 4WD SUPERCREW 5.5' BOX * NOT CANADIAN * TOW PKG * 1 OWNER CLEAN CARFAX *,1FTEW1EFXHKD44457,2017,32447,16154,Shadow Black,Black,Bergstrom of Madison,608-271-2211,Automatic,4-Wheel Drive
Used 2017 Ford Fusion SE FWD * TWO LCD MONITORS * KEYPAD ENTRY * REAR CAMERA *,3FA6P0H79HR143683,2017,15992,29187,Magnetic,Ebony,Bergstrom of Madison,608-271-2211,Automatic,Front Wheel Drive
Used 2012 Ford F-150 4WD SUPERCREW 145 LARIAT * TOW PKG * PWR HEATED SEATS * HILL START ASST. *,1FTFW1ET2CFA45489,2012,14988,156040,Vermillion Red,Steel Gray,Bergstrom of Madison,608-271-2211,Automatic,4-Wheel Drive
Used 2015 Ford Fusion 4DR SDN SE FWD * DUAL PWR SEATS * BLUETOOTH * SYNC SYSTEM *,3FA6P0H78FR191009,2015,11747,59449,Magnetic,Dune,Bergstrom of Madison,608-271-2211,Automatic,Front Wheel Drive
Used 2012 Ford Focus 4DR SDN SE * STEERING WHEEL AUDIO CONTROLS * FOG LIGHTS * BLUETOOTH *,1FAHP3F24CL469853,2012,8947,51287,Gray,Medium Light Stone,Bergstrom of Madison,608-271-2211,Manual,Front Wheel Drive
Used 2014 Ford F-150 4WD SUPERCREW 145 XL *BACK UP CAMERA *TRAILER BRAKE CONTROL *CHROME WHEELS *BLUETOOTH*,1FTFW1ET2EKG30163,2014,28980,52100,Realblack,Steel Gray,Bergstrom of Madison,608-271-2211,Automatic,4-Wheel Drive
Used 2016 Ford F-150 4WD SUPERCREW 145 XLT * LOCAL TRADE * TOW PKG W/ SWAY CONTROL * PAYLOAD PKG *,1FTEW1EP1GKD71652,2016,26998,85740,Lithium Gray,Black,Bergstrom of Madison,608-271-2211,Automatic,4-Wheel Drive
Used 2017 Ford Edge SEL AWD * TWO LCD MONITORS * SYNC SYSTEM * REAR CAMERA *,2FMPK4J96HBB30884,2017,25447,45698,Shadow Black,Ebony,Bergstrom of Madison,608-271-2211,Automatic,All Wheel Drive
Used 2017 Ford Escape SE 4WD * LCD SCREEN W/ SYNC SYSTEM * REAR CAMERA * KEYPAD ENTRY *,1FMCU9G90HUB67677,2017,18602,32849,Shadow Black,Charcoal Black,Bergstrom of Madison,608-271-2211,Automatic,All Wheel Drive
Used 2014 Ford Explorer 4WD 4dr XLT,1FM5K8D83EGB34137,2014,23990,49745,Sterling Gray Metallic,Charcoal Black,Zimbrick Buick/GMC West,608-271-1601,Automatic,All Wheel Drive
Used 2015 Ford Expedition 4WD 4dr King Ranch,1FMJU1JT2FEF42926,2015,35585,85023,White Platinum Metallic Tri Coat,Mesa W/ebony,Zimbrick Buick/GMC West,608-271-1601,Automatic,4-Wheel Drive
Used 2015 Ford Escape 4WD 4dr Titanium,1FMCU9J95FUB33661,2015,15995,99842,Silver,N/A,Zimbrick Buick/GMC West,608-271-1601,Automatic,All Wheel Drive
Used 2016 Ford Escape 4WD 4dr SE,1FMCU9GXXGUB94432,2016,19495,23532,Sunset,Charcoal Black,Zimbrick Buick/GMC West,608-271-1601,Automatic,All Wheel Drive
2014 Ford Fusion Hybrid 4dr Sdn SE Hybrid FWD Car,3FA6P0LUXER162557,2014,12900,58748,Gray,BLACK,Zimbrick Audi,(608) 258-4000,Automatic,Front Wheel Drive
2016 Ford Focus SE Sedan,1FADP3F22GL296936,2016,10895,46638,Oxford White,CHARCOAL BLACK,Rosen Nissan of Madison,888-709-0537,Manual,Front Wheel Drive
2016 Ford Focus SE Sedan,1FADP3F20GL277754,2016,10495,47241,Oxford White,CHARCOAL BLACK,Rosen Nissan of Madison,888-709-0537,Manual,Front Wheel Drive
2014 Ford Focus SE Hatchback,1FADP3K25EL337790,2014,9295,57970,Oxford White,CHARCOAL BLACK,Rosen Nissan of Madison,888-709-0537,Manual,Front Wheel Drive
2016 Ford Escape SE SUV,1FMCU9GX3GUA69756,2016,14895,64575,Magnetic,CHARCOAL BLACK,Rosen Nissan of Madison,888-709-0537,Automatic,All Wheel Drive
2016 Ford Fusion SE Sedan,1FA6P0H70G5104319,2016,13695,42247,Shadow Black,EBONY,Rosen Nissan of Madison,888-709-0537,Automatic,Front Wheel Drive
2015 Ford Fusion SE Sedan,3FA6P0H99FR220812,2015,12995,44958,Deep Impact Blue,DUNE,Rosen Nissan of Madison,888-709-0537,Automatic,Front Wheel Drive
2017 Ford Escape Titanium SUV,1FMCU9J97HUB15732,2017,25795,5913,Magnetic,CHARCOAL BLACK,Rosen Nissan of Madison,888-709-0537,Automatic,All Wheel Drive
2014 Ford F-150 XLT Truck SuperCrew Cab,1FTFW1ET7EFC09371,2014,24995,45167,Blue Jeans,BLACK,Rosen Nissan of Madison,888-709-0537,Automatic,4-Wheel Drive
2014 Ford Escape AWD SE Loaded-Only 38k,1FMCU9G92EUA41008,2014,17495,38515,Diamond Silver,Black,German Auto House,,Automatic,All Wheel Drive
2016 Ford Transit Cargo 250,1FTYR1ZM3GKB04596,2016,22995,8380,White,Black,German Auto House,,Automatic,Rear Wheel Drive
2016 Ford Explorer Platinum-Only 28K,1FM5K8HT0GGA69829,2016,39995,28715,Black,White,German Auto House,,Automatic,All Wheel Drive
2011 Ford E-Series E 250 Cargo-Only 64k,1FTNE2EWXBDA17254,2011,15995,64990,Green,Ash,German Auto House,,Automatic,Rear Wheel Drive
2015 Ford Fusion 4dr Sdn SE FWD,3FA6P0H77FR158339,2015,12995,50951,Magnetic,Charcoal Black,Zimbrick at Fish Hatchery Road,888-465-0475 888-451-9243,Automatic,Front Wheel Drive
2013 Ford F-150 4WD SuperCrew 145 Limited,1FTFW1ET5DFD78206,2013,29500,62279,WHITE,"RED/BLACK, UNIQUE LIMITED LEATHER HEATED & COOLED",Zimbrick Inc,608-620-7188,Automatic,4-Wheel Drive
2014 Ford Edge 4dr SEL FWD,2FMDK3JC9EBA49852,2014,18500,51263,Ruby Red Metallic Tinted Clearcoat,,Zimbrick Inc,608-620-7188,Automatic,Front Wheel Drive
2011 Ford Edge 4dr Limited FWD,2FMDK3KCXBBB26187,2011,11903,95594,Ingot Silver Metallic,Charcoal Black,Zimbrick Inc,608-620-7188,Automatic,Front Wheel Drive
2013 Ford Escape FWD 4dr S,1FMCU0F75DUA06666,2013,11900,46724,Frosted Glass Metallic,Charcoal Black,Zimbrick Inc,608-620-7188,Automatic,Front Wheel Drive
2005 Ford Mustang 2dr Cpe GT Deluxe,1ZVFT82H755175386,2005,12500,60533,,,Zimbrick Inc,608-620-7188,Manual,Rear Wheel Drive
2011 Ford Taurus 4dr Sdn SEL FWD,1FAHP2EW7BG142546,2011,10426,73890,Bordeaux Reserve Red Metallic,Light Stone,Zimbrick Inc,608-620-7188,Automatic,Front Wheel Drive
2010 Ford Escape 4WD 4dr XLT,1FMCU9DGXAKD48774,2010,8995,102787,Sterling Grey Metallic,Stone,Zimbrick Inc,608-620-7188,Automatic,All Wheel Drive
2011 Ford F-150 4WD SuperCrew 145 Lariat,1FTFW1EF4BFB17978,2011,26500,73016,BLACK,,Zimbrick Inc,608-620-7188,Automatic,4-Wheel Drive
2013 Ford Edge SEL AWD,2FMDK4JC2DBB84109,2013,17495,53326,Ginger Ale,Select,Scott Motors,,Automatic,All Wheel Drive
2010 Ford Expedition Limited SUV,1FMJU2A51AEB58457,2010,16995,95486,Black,Black,A to Z Autosports LLC,888-825-1967,Automatic,4-Wheel Drive
2007 Ford F-150 Lariat Lariat 4dr SuperCab Truck,1FTPX14V27FB66422,2007,9995,146692,Oxford White Clearcoat,Tan,A to Z Autosports LLC,888-825-1967,Automatic,4-Wheel Drive
2001 Ford Excursion Limited SUV,1FMSU43F81EC27277,2001,21995,105581,Green,Gray,A to Z Autosports LLC,888-825-1967,Automatic,4-Wheel Drive
2016 Ford Taurus SEL,1FAHP2E89GG117740,2016,15995,86359,GRAY,N/A,Schoepp Motors West,,Automatic,Front Wheel Drive
2014 Ford Fiesta SE Hatchback,3FADP4EJ4EM228504,2014,10995,41378,BLUE,N/A,Schoepp Motors West,,Manual,Front Wheel Drive
2013 Ford Focus ST Hatchback,1FADP3L99DL127378,2013,15995,65518,BLACK,N/A,Schoepp Motors West,,Manual,Front Wheel Drive
2015 Ford Fiesta S,3FADP4AJ5FM190028,2015,8999,40035,Tuxedo Black,N/A,Schoepp Motors West,,Manual,Front Wheel Drive
2010 Ford F-150 XLT SuperCrew 4X4,1FTFW1EV2AFB00019,2010,14995,151496,BLACK,N/A,Schoepp Motors West,,Automatic,4-Wheel Drive
"2017 Ford Fusion SE AWD w/ Moonroof, Nav, Leather",3FA6P0T99HR152442,2017,19998,8908,Red,N/A,Schoepp Motors West,,Automatic,All Wheel Drive
2014 Ford Transit Connect Wagon Titanium,NM0GE9G79E1147245,2014,15995,58846,Blue,N/A,Schoepp Motors West,,Automatic,Front Wheel Drive
2014 Ford Mustang,1ZVBP8CFXE5319657,2014,25995,17598,Blue,N/A,Schoepp Motors West,,Manual,Rear Wheel Drive
2014 Ford Escape SE,1FMCU9GX0EUE28025,2014,18995,20151,White,N/A,Schoepp Motors West,,Automatic,All Wheel Drive
2014 Ford F-150 FX4 SuperCrew 4X4,1FTFW1EF4EFC99329,2014,28500,55658,BLACK,N/A,Schoepp Motors West,,Automatic,4-Wheel Drive
2015 Ford F-150,1FTFW1EG6FFC40342,2015,29995,53621,N/A,N/A,Schoepp Motors West,,Automatic,4-Wheel Drive
2015 Ford Fusion SE,1FA6P0H73F5114857,2015,11995,85665,BLACK,N/A,Schoepp Motors West,,Automatic,Front Wheel Drive
2015 Ford Fusion S Hybrid,3FA6P0UU0FR199407,2015,12995,84331,BLUE,N/A,Schoepp Motors West,,Automatic,Front Wheel Drive
2007 Ford Explorer XLT,1FMEU73E67UB45486,2007,,206779,Silver,N/A,Schoepp Motors West,,Automatic,4-Wheel Drive
2009 Ford F-150 XLT,1FTPW14V79FA04873,2009,13995,129980,BLACK,N/A,Schoepp Motors West,,Automatic,4-Wheel Drive
2017 Ford Mustang GT Premium California Special,1FATP8FF1H5279806,2017,33995,20851,RED,N/A,Schoepp Motors West,,,Rear Wheel Drive
2017 Ford Mustang GT Premium Fastback,1FA6P8CF3H5276083,2017,33500,8957,Shadow Black,N/A,Schoepp Motors West,,Manual,Rear Wheel Drive
2017 Ford Mustang EcoBoost Premium,1FATP8UH6H5279062,2017,27995,31757,BLACK,N/A,Schoepp Motors West,,Automatic,Rear Wheel Drive
2017 Ford Mustang EcoBoost Premium,1FATP8UH2H5279513,2017,27995,31593,BLACK,N/A,Schoepp Motors West,,Automatic,Rear Wheel Drive
2017 Ford Mustang EcoBoost Premium,1FATP8UH5H5278954,2017,26995,31251,BLUE,N/A,Schoepp Motors West,,Automatic,Rear Wheel Drive
2003 Ford Thunderbird,1FAHP60A03Y112559,2003,13988,80975,BLACK,N/A,Schoepp Motors West,,Automatic,Rear Wheel Drive
2004 Ford Explorer Sport Trac XLT,1FMZU67K64UA14646,2004,7995,153682,Blue,N/A,Schoepp Motors West,,Automatic,Rear Wheel Drive
2017 Ford Mustang GT Premium Convertible,1FATP8FF7H5208710,2017,35995,5241,BLACK,N/A,Schoepp Motors West,,,Rear Wheel Drive
2016 Ford Escape SE,1FMCU9GX4GUA55509,2016,14900,84585,SIVER,N/A,Schoepp Motors West,,Automatic,All Wheel Drive
2016 Ford Fusion SE,3FA6P0H74GR118365,2016,11995,100909,White,N/A,Schoepp Motors West,,Automatic,Front Wheel Drive
2016 Ford Taurus SE,1FAHP2D89GG113818,2016,13995,64937,Gray,N/A,Schoepp Motors West,,Automatic,Front Wheel Drive
2016 Ford Fiesta SE,3FADP4BJ9GM103957,2016,10999,24415,Gray,N/A,Schoepp Motors West,,Manual,Front Wheel Drive
2014 Ford Escape SE,1FMCU0GX2EUA76304,2014,15995,61159,BLACK,N/A,Schoepp Motors West,,Automatic,Front Wheel Drive
2014 Ford F-150 XLT SuperCrew 4X4,1FTFW1EF6EKF82886,2014,26500,38210,N/A,N/A,Schoepp Motors West,,Automatic,4-Wheel Drive
2014 Ford F-150 XLT SuperCrew 4X4,1FTFW1ETXEFC36810,2014,28500,47574,Red,N/A,Schoepp Motors West,,Automatic,4-Wheel Drive
2014 Ford Explorer XLT,1FM5K8D88EGC41040,2014,27800,36987,Gray,N/A,Schoepp Motors West,,Automatic,All Wheel Drive
2014 Ford Escape SE,1FMCU9GX7EUD86744,2014,16995,44796,ORANGE,N/A,Schoepp Motors West,,Automatic,All Wheel Drive
2014 Ford F-150 XLT SuperCrew 4X4,1FTFW1ET0EFC99155,2014,28500,33808,Gray,N/A,Schoepp Motors West,,Automatic,4-Wheel Drive
2014 Ford Fusion S,3FA6P0G74ER359809,2014,10700,79925,White,N/A,Schoepp Motors West,,Automatic,Front Wheel Drive
2015 Ford F-150 XLT SuperCrew 4X4,1FTFW1EF0FFB02478,2015,30995,42530,Red,N/A,Schoepp Motors West,,Automatic,4-Wheel Drive
2015 Ford Escape SE,1FMCU9GX7FUA18338,2015,15995,53968,Blue,N/A,Schoepp Motors West,,Automatic,All Wheel Drive
2015 Ford Escape Titanium,1FMCU9J98FUB83633,2015,21500,34229,Blue,N/A,Schoepp Motors West,,Automatic,All Wheel Drive
2015 Ford Taurus SE,1FAHP2D82FG122620,2015,13995,69512,Silver,N/A,Schoepp Motors West,,Automatic,Front Wheel Drive
2017 Ford Fusion SE,3FA6P0H71HR217761,2017,15995,50954,GRAY,N/A,Schoepp Motors West,,Automatic,Front Wheel Drive
2017 Ford Mustang GT Premium Convertible,1FATP8FF2H5292578,2017,32995,22098,Race Red,N/A,Schoepp Motors West,,,Rear Wheel Drive
2017 Ford Fusion S,3FA6P0G79HR283413,2017,14995,40190,BLACK,N/A,Schoepp Motors West,,Automatic,Front Wheel Drive
2014 Ford F-150 XLT SuperCrew 4X4,1FTFW1ET1EFB51189,2014,24750,58488,Gray,N/A,Schoepp Motors West,,Automatic,4-Wheel Drive
2014 Ford Fusion SE,3FA6P0H75ER178958,2014,8950,134368,Silver,N/A,Schoepp Motors West,,Automatic,Front Wheel Drive
2014 Ford Escape Titanium,1FMCU9J97EUB03091,2014,19995,27705,White,N/A,Schoepp Motors West,,Automatic,All Wheel Drive
2014 Ford Mustang V6 Convertible,1ZVBP8EM6E5286040,2014,18995,42759,Gray,N/A,Schoepp Motors West,,Manual,Rear Wheel Drive
2014 Ford Focus SE,1FADP3K25EL306782,2014,8900,90804,SILVER,N/A,Schoepp Motors West,,Manual,Front Wheel Drive
2014 Ford Flex SEL,2FMGK5C88EBD36441,2014,21999,35033,RED,N/A,Schoepp Motors West,,Automatic,Front Wheel Drive
2014 Ford Escape SE,1FMCU9GX6EUD33324,2014,16999,47845,RED,N/A,Schoepp Motors West,,Automatic,All Wheel Drive
2014 Ford F-150 FX4 SuperCrew 4X4,1FTFW1ET4EFB21023,2014,29995,36514,BLACK,N/A,Schoepp Motors West,,Automatic,4-Wheel Drive
2014 Ford Escape SE,1FMCU9G94EUC78860,2014,16995,58438,BLACK,N/A,Schoepp Motors West,,Automatic,All Wheel Drive
2016 Ford F-150,1FTFW1EF9GFC69052,2016,32995,25988,N/A,N/A,Schoepp Motors West,,Automatic,4-Wheel Drive
2016 Ford F-150 XLT SuperCrew 4X4,1FTFW1EFXGFA91815,2016,34995,17227,BLUE,N/A,Schoepp Motors West,,Automatic,4-Wheel Drive
2017 Ford Mustang GT Premium,1FA6P8CF7H5258010,2017,33995,13781,Red,N/A,Schoepp Motors West,,Manual,Rear Wheel Drive
2010 Ford F-150 XLT SuperCrew 4X4,1FTFW1EV7AFA15757,2010,21500,65132,Red,N/A,Schoepp Motors West,,Automatic,4-Wheel Drive
2010 Ford F-150 Lari,1FTFW1EV8AFB59477,2010,19995,108551,Blue,N/A,Schoepp Motors West,,Automatic,4-Wheel Drive
2010 Ford F-150 XLT SuperCrew 4X4,1FTFW1EV8AFA59072,2010,18900,105684,WHITE,N/A,Schoepp Motors West,,Automatic,4-Wheel Drive
2010 Ford F-150 XLT SuperCrew 4X4,1FTFW1EV9AFB59469,2010,19995,85674,BLUE,N/A,Schoepp Motors West,,Automatic,4-Wheel Drive
2010 Ford F-150 FX4 SuperCab 4X4,1FTFX1EVXAFC28523,2010,17995,110674,SILVER,N/A,Schoepp Motors West,,Automatic,4-Wheel Drive
"2011 Ford Edge SEL AWD Nav, Leather, Moon",2FMDK4JC0BBA72938,2011,14995,65742,BLACK,N/A,Schoepp Motors West,,Automatic,All Wheel Drive
2013 Ford Focus SE,1FADP3F2XDL294847,2013,10995,49630,BLACK,N/A,Schoepp Motors West,,Manual,Front Wheel Drive
2013 Ford Super Duty F-350 SRW Lari,1FT8W3B65DEB07607,2013,,44506,Black,N/A,Schoepp Motors West,,Automatic,4-Wheel Drive
2014 Ford F-150 FX4 SuperCrew 4X4,1FTFW1EF0EFA50378,2014,30900,45413,RED,N/A,Schoepp Motors West,,Automatic,4-Wheel Drive
2014 Ford Fusion SE,1FA6P0H76E5376743,2014,9800,96952,GRAY,N/A,Schoepp Motors West,,Automatic,Front Wheel Drive
2014 Ford Escape SE,1FMCU9GX5EUD59431,2014,11995,100240,ORANGE,N/A,Schoepp Motors West,,Automatic,All Wheel Drive
2014 Ford Focus SE,1FADP3F25EL451430,2014,11995,28757,RED,N/A,Schoepp Motors West,,Manual,Front Wheel Drive
2017 Ford Mustang EcoBoost Premium Convertible,1FATP8UH9H5293599,2017,27995,33128,Blue,N/A,Schoepp Motors West,,Automatic,Rear Wheel Drive
2017 Ford Mustang EcoBoost Premium,1FATP8UH6H5327174,2017,28995,20431,BLACK,N/A,Schoepp Motors West,,Automatic,Rear Wheel Drive
2017 Ford Mustang EcoBoost Premium,1FATP8UH5H5279375,2017,26900,30049,Red,N/A,Schoepp Motors West,,Automatic,Rear Wheel Drive
2017 Ford Mustang GT Premium,1FATP8FF9H5292528,2017,32995,27454,Triple Yellow Tri-Coat,N/A,Schoepp Motors West,,,Rear Wheel Drive
2017 Ford Mustang EcoBoost Premium Fastback,1FA6P8TH1H5227384,2017,22995,33640,BLACK,N/A,Schoepp Motors West,,Automatic,Rear Wheel Drive
2017 Ford Fusion SE,3FA6P0H71HR237475,2017,17995,26674,Gray,N/A,Schoepp Motors West,,Automatic,Front Wheel Drive
2012 Ford F-150 XLT SuperCrew 4X4,1FTFW1EF6CFB59019,2012,23995,77996,Blue,N/A,Schoepp Motors West,,Automatic,4-Wheel Drive
2012 Ford F-150 FX4 SuperCrew 4X4,1FTFW1ET1CFB59872,2012,26900,48707,Blue,N/A,Schoepp Motors West,,Automatic,4-Wheel Drive
2012 Ford F-150 XLT SuperCrew 4X4,1FTFW1ET5CKE25708,2012,22995,62274,Sterling Gray Metallic,N/A,Schoepp Motors West,,Automatic,4-Wheel Drive
2013 Ford Edge Sport,2FMDK4AK0DBC08236,2013,16995,77387,BLACK,N/A,Schoepp Motors West,,Automatic,All Wheel Drive
2013 Ford F-150 FX4 SuperCrew 4X4,1FTFW1EF4DKD62337,2013,28900,40124,Sterling Gray Metallic,N/A,Schoepp Motors West,,Automatic,4-Wheel Drive
2013 Ford F-150 XLT,1FTFW1EF1DKG13850,2013,24995,64492,RED,N/A,Schoepp Motors West,,Automatic,4-Wheel Drive
2013 Ford F-150 FX4 SuperCrew 4X4,1FTFW1ET8DKF88239,2013,28800,56572,BLACK,N/A,Schoepp Motors West,,Automatic,4-Wheel Drive
2016 Ford F-150 XLT SuperCab 4X4,1FTEX1EP3GFB78909,2016,28995,28720,White,N/A,Schoepp Motors West,,Automatic,4-Wheel Drive
2016 Ford Mustang EcoBoost Premium,1FATP8UH4G5222017,2016,21995,40322,Red,N/A,Schoepp Motors West,,Manual,Rear Wheel Drive
2016 Ford Fusion SE,1FA6P0H75G5117020,2016,11995,75024,GRAY,N/A,Schoepp Motors West,,Automatic,Front Wheel Drive
2016 Ford F-150 XLT SuperCrew 4X4,1FTFW1EF4GFB46033,2016,29995,22833,RED,N/A,Schoepp Motors West,,Automatic,4-Wheel Drive
2016 Ford F-150 XLT SuperCrew 4X4,1FTFW1EF1GFB57877,2016,33995,24860,SILVER,N/A,Schoepp Motors West,,Automatic,4-Wheel Drive
2016 Ford F-150,1FTFW1EF4GFC68181,2016,33995,9629,N/A,N/A,Schoepp Motors West,,Automatic,4-Wheel Drive
2016 Ford Escape SE,1FMCU9GX1GUA76608,2016,15995,78564,WHITE,N/A,Schoepp Motors West,,Automatic,All Wheel Drive
2016 Ford Fusion SE,3FA6P0H73GR118387,2016,12988,87666,SILVER,N/A,Schoepp Motors West,,Automatic,Front Wheel Drive
2013 Ford F-150 XLT SuperCrew 4X4,1FTFW1ET2DKF28585,2013,24995,62049,White,N/A,Schoepp Motors West,,Automatic,4-Wheel Drive
2013 Ford F-150 FX4 SuperCrew 4X4,1FTFW1EF0DKD56325,2013,26900,41976,N/A,N/A,Schoepp Motors West,,Automatic,4-Wheel Drive
2013 Ford Focus SE,1FADP3F25DL379692,2013,10995,33242,BLACK,N/A,Schoepp Motors West,,Manual,Front Wheel Drive
2013 Ford Fusion SE,3FA6P0HR7DR329444,2013,10995,96745,Gray,N/A,Schoepp Motors West,,Automatic,Front Wheel Drive
2013 Ford Escape SEL,1FMCU9HX1DUC30325,2013,13995,70365,BLACK,N/A,Schoepp Motors West,,Automatic,All Wheel Drive
2013 Ford Escape SE,1FMCU0GXXDUD87946,2013,14995,43531,Gray,N/A,Schoepp Motors West,,Automatic,Front Wheel Drive
2013 Ford F-150 XLT SuperCrew 4X4,1FTFW1EF1DFB93161,2013,24995,65479,Gray,N/A,Schoepp Motors West,,Automatic,4-Wheel Drive
2015 Ford Mustang Fastback EcoBoost,1FA6P8TH0F5316960,2015,24995,25586,BLACK,N/A,Schoepp Motors West,,Manual,Rear Wheel Drive
2015 Ford Mustang GT,1FA6P8CF6F5411974,2015,29995,7140,BLACK,N/A,Schoepp Motors West,,Manual,Rear Wheel Drive
2015 Ford Escape SE,1FMCU9GX6FUC65902,2015,14995,64724,BLACK,N/A,Schoepp Motors West,,Automatic,All Wheel Drive
2015 Ford F-150 XLT SuperCrew 4X4,1FTFW1EF3FFB43302,2015,33975,32420,BLACK,N/A,Schoepp Motors West,,Automatic,4-Wheel Drive
2015 Ford F-150 XLT SuperCrew 4X4,1FTFW1EG6FFB73158,2015,30995,47513,Race Red,N/A,Schoepp Motors West,,Automatic,4-Wheel Drive
2015 Ford Fusion SE,1FA6P0H70F5121619,2015,9995,104912,GRAY,N/A,Schoepp Motors West,,Automatic,Front Wheel Drive
2016 Ford Mustang EcoBoost,1FA6P8TH6G5335935,2016,23995,13407,YELLOW,N/A,Schoepp Motors West,,Manual,Rear Wheel Drive
2009 Ford Focus SE,1FAHP32N89W231334,2009,4888,87120,SILVER,N/A,Schoepp Motors West,,Manual,Front Wheel Drive
2009 Ford F-150 XLT,1FTPW12V99KB42988,2009,,98541,N/A,N/A,Schoepp Motors West,,Automatic,Rear Wheel Drive
2009 Ford F-150 Lariat SuperCrew 4X4,1FTPW14V29FB14889,2009,20995,115237,Black,N/A,Schoepp Motors West,,Automatic,4-Wheel Drive
2010 Ford F-150 XLT SuperCrew 4X4,1FTFW1EV0AFC66779,2010,20995,62816,WHITE,N/A,Schoepp Motors West,,Automatic,4-Wheel Drive
2011 Ford F-150 XLT SuperCrew 4X4,1FTFW1EF6BFA01441,2011,20999,72674,BLACK,N/A,Schoepp Motors West,,Automatic,4-Wheel Drive
2012 Ford Focus Titanium Hatchback w/ Moonroof,1FAHP3N2XCL283087,2012,9995,59233,Blue Candy Metallic,N/A,Schoepp Motors West,,Automated Manual,Front Wheel Drive
2012 Ford Focus SE,1FAHP3F24CL115279,2012,5995,159649,Red,N/A,Schoepp Motors West,,Manual,Front Wheel Drive
2012 Ford F-150 XLT SuperCrew 4X4,1FTFW1ET0CFA31333,2012,26800,31272,Red,N/A,Schoepp Motors West,,Automatic,4-Wheel Drive
2012 Ford F-150 XLT,1FTFW1ET2CKD41992,2012,,86636,BLACK,N/A,Schoepp Motors West,,Automatic,4-Wheel Drive
2016 Ford Mustang EcoBoost,1FA6P8TH0G5265249,2016,21995,29667,BLACK,N/A,Schoepp Motors West,,Manual,Rear Wheel Drive
2016 Ford Mustang EcoBoost,1FA6P8TH4G5277534,2016,22995,6944,BLue,N/A,Schoepp Motors West,,Manual,Rear Wheel Drive
2016 Ford Mustang GT Premium Convertible,1FATP8FF5G5311221,2016,33995,16286,BLACK,N/A,Schoepp Motors West,,Manual,Rear Wheel Drive
2016 Ford Escape SE,1FMCU9GX1GUC13773,2016,13995,98541,ORANGE,N/A,Schoepp Motors West,,Automatic,All Wheel Drive
2015 Ford F-150 XLT SuperCrew 4X4,1FTFW1EF1FFC23682,2015,32900,32606,BLACK,N/A,Schoepp Motors West,,Automatic,4-Wheel Drive
2015 Ford F-150 XLT SuperCrew 4X4,1FTFW1EGXFFB10080,2015,33995,31822,Red,N/A,Schoepp Motors West,,Automatic,4-Wheel Drive
2015 Ford Fusion SE,1FA6P0H7XF5110109,2015,12555,44947,Gray,N/A,Schoepp Motors West,,Automatic,Front Wheel Drive
2015 Ford Escape SE,1FMCU9GX7FUC66234,2015,15995,78009,Gray,N/A,Schoepp Motors West,,Automatic,All Wheel Drive
2015 Ford Mustang EcoBoost,1FA6P8TH1F5328972,2015,18995,65849,Red,N/A,Schoepp Motors West,,Manual,Rear Wheel Drive
2015 Ford Fusion S,3FA6P0G74FR228199,2015,9550,97289,WHITE,N/A,Schoepp Motors West,,Automatic,Front Wheel Drive
2015 Ford F-150 XLT SuperCrew 4X4,1FTFW1EG4FFC40789,2015,29900,33655,Red,N/A,Schoepp Motors West,,Automatic,4-Wheel Drive
2015 Ford F-150 XLT SuperCab 4X4,1FTEX1EP8FFA63432,2015,28995,42402,WHITE,N/A,Schoepp Motors West,,Automatic,4-Wheel Drive
2014 Ford Focus SE,1FADP3K24EL283253,2014,10995,50969,Gray,N/A,Schoepp Motors West,,Manual,Front Wheel Drive
2014 Ford Focus SE,1FADP3F2XEL317559,2014,9995,49348,Gray,N/A,Schoepp Motors West,,Manual,Front Wheel Drive
2014 Ford Focus SE w/ Moonroof,1FADP3K21EL334823,2014,10995,46171,Red,N/A,Schoepp Motors West,,Manual,Front Wheel Drive
2014 Ford F-150 FX4,1FTFW1E60EFA64281,2014,30995,69795,Red,N/A,Schoepp Motors West,,Automatic,4-Wheel Drive
2014 Ford Focus SE,1FADP3F28EL392566,2014,10995,60944,Blue Candy Tinted Clearcoat,N/A,Schoepp Motors West,,Manual,Front Wheel Drive
2014 Ford Taurus SE,1FAHP2D88EG120479,2014,10995,95756,Sunset Metallic,N/A,Schoepp Motors West,,Automatic,Front Wheel Drive
2014 Ford Mustang,1ZVBP8AM6E5324548,2014,17995,62437,White,N/A,Schoepp Motors West,,Manual,Rear Wheel Drive
2014 Ford Focus SE,1FADP3F22EL454740,2014,9995,69887,Silver,N/A,Schoepp Motors West,,Manual,Front Wheel Drive
2014 Ford Edge SE,2FMDK3G94EBB47599,2014,14900,81066,Oxford White,N/A,Schoepp Motors West,,Automatic,Front Wheel Drive
2014 Ford F-150 XLT SuperCrew 4X4,1FTFW1EF8EKG14253,2014,25750,46775,N/A,N/A,Schoepp Motors West,,Automatic,4-Wheel Drive
2005 Ford Excursion Eddie Bauer SUV,1FMSU45P15EB76720,2005,14995,189127,Black,Tan,A to Z Autosports LLC,888-825-1967,Automatic,4-Wheel Drive
Used 2017 Ford Edge Sport AWD,2FMPK4AP5HBB80786,2017,38500,4288,Burgundy Velvet,Ebony Leather,Middleton Ford,866-515-2342 866-581-1782,,All Wheel Drive
2015 Ford Explorer,1FM5K8D89FGA92252,2015,19950,98763,White Platinum Metallic Tri-Coat,,Lexus of Madison,877-510-3625 877-545-4105,Automatic,All Wheel Drive
2017 Ford Mustang,1FA6P8CF6H5322635,2017,29500,2758,Race Red,,Lexus of Madison,877-510-3625 877-545-4105,Manual,Rear Wheel Drive
Used 2018 Ford Escape SEL 4WD,1FMCU9HDXJUB06393,2018,26500,28,Cinnamon Glaze,Black Leather,Middleton Ford,866-515-2342 866-581-1782,,All Wheel Drive
Used 2010 Ford F-150 4WD SuperCrew 5-1/2 Ft Box XL,1FTFW1EV3AFA62722,2010,16999,91052,N/A,N/A,Middleton Ford,866-515-2342 866-581-1782,Automatic,4-Wheel Drive
Certified 2013 Ford F-150 4WD SuperCrew 5-1/2 Ft Box XL,1FTFW1ET1DKF35866,2013,26999,74222,White,N/A,Middleton Ford,866-515-2342 866-581-1782,Automatic,4-Wheel Drive
Certified 2013 Ford Escape 4WD 4dr SE,1FMCU9GX4DUA77313,2013,14800,39404,Silver,N/A,Middleton Ford,866-515-2342 866-581-1782,Automatic,All Wheel Drive
Certified 2013 Ford Escape FWD 4dr Titanium,1FMCU0J90DUB29378,2013,16900,45650,Gray,N/A,Middleton Ford,866-515-2342 866-581-1782,Automatic,Front Wheel Drive
Certified 2014 Ford Escape 4WD 4dr SE,1FMCU9G96EUC39364,2014,18000,27295,Ruby Red,Black Cloth,Middleton Ford,866-515-2342 866-581-1782,Automatic,All Wheel Drive
Certified 2014 Ford Edge 4dr SEL AWD,2FMDK4JC2EBB67604,2014,22000,32784,Black,Stone Leather,Middleton Ford,866-515-2342 866-581-1782,Automatic,All Wheel Drive
Certified 2015 Ford Taurus 4dr Sdn SEL AWD,1FAHP2H87FG161925,2015,17000,78319,Tuxedo Black,Dune Leather,Middleton Ford,866-515-2342 866-581-1782,Automatic,All Wheel Drive
Certified 2014 Ford Edge 4dr SEL AWD,2FMDK4JC6EBB58355,2014,22500,34508,Ingot Silver,Black Leather,Middleton Ford,866-515-2342 866-581-1782,Automatic,All Wheel Drive
Certified 2015 Ford F-150 4WD SuperCab 6-1/2 Ft Box XL,1FTFX1EF9FFA81496,2015,34000,21767,Black,Black Leather,Middleton Ford,866-515-2342 866-581-1782,Automatic,4-Wheel Drive
Certified 2015 Ford Explorer 4WD 4dr XLT,1FM5K8D88FGB76319,2015,27600,30109,Ingot Silver,Black Leather,Middleton Ford,866-515-2342 866-581-1782,Automatic,All Wheel Drive
Certified 2015 Ford Explorer 4WD 4dr Sport,1FM5K8GT3FGB17811,2015,32900,28166,Ruby Red,Black Leather,Middleton Ford,866-515-2342 866-581-1782,Automatic,All Wheel Drive
Certified 2015 Ford Escape FWD 4dr SE,1FMCU0GX1FUA88428,2015,19000,7637,White,Stone,Middleton Ford,866-515-2342 866-581-1782,Automatic,Front Wheel Drive
Certified 2015 Ford Escape FWD 4dr SE,1FMCU0GX2FUC03649,2015,18000,8982,Impact Blue,Black,Middleton Ford,866-515-2342 866-581-1782,Automatic,Front Wheel Drive
Certified 2016 Ford Escape 4WD 4dr SE,1FMCU9GX7GUB94842,2016,18699,30019,Shadow Black,Black Cloth,Middleton Ford,866-515-2342 866-581-1782,Automatic,All Wheel Drive
Certified 2016 Ford F-150 4WD SuperCab 6-1/2 Ft Box XL,1FTEX1EP8GFB10444,2016,30000,33123,Race Red,Gray Cloth,Middleton Ford,866-515-2342 866-581-1782,Automatic,4-Wheel Drive
Certified 2016 Ford Escape 4WD 4dr SE,1FMCU9GX4GUB36008,2016,20000,26957,Magnetic,Black Cloth,Middleton Ford,866-515-2342 866-581-1782,Automatic,All Wheel Drive
Certified 2017 Ford Fusion Energi Titanium FWD,3FA6P0SU6HR191401,2017,19900,26511,Burgundy Velvet,Ceramic Leather,Middleton Ford,866-515-2342 866-581-1782,,Front Wheel Drive
Certified 2017 Ford Expedition Limited 4x4,1FMJU2ATXHEA38035,2017,43500,25582,Blue Jeans Metallic,Ebony Leather,Middleton Ford,866-515-2342 866-581-1782,,4-Wheel Drive
Certified 2017 Ford Expedition Limited 4x4,1FMJU2AT3HEA37907,2017,43799,14353,White Platunum,Ebony Leather,Middleton Ford,866-515-2342 866-581-1782,,4-Wheel Drive
Certified 2017 Ford C-Max Energi SE FWD,1FADP5EU8HL104600,2017,16500,15804,Shadow Black,Black Cloth,Middleton Ford,866-515-2342 866-581-1782,,Front Wheel Drive
Certified 2017 Ford C-Max Energi Titanium FWD,1FADP5FU5HL104679,2017,19500,15968,Magnetic,Black Leather,Middleton Ford,866-515-2342 866-581-1782,,Front Wheel Drive
Used 2009 Ford Escape 4WD 4dr V6 Auto Limited,1FMCU94G89KB10966,2009,,97139,Red,N/A,Middleton Ford,866-515-2342 866-581-1782,Automatic,All Wheel Drive
Used 2009 Ford Escape FWD 4dr V6 Auto Limited,1FMCU04G19KB54786,2009,8500,105733,Black,N/A,Middleton Ford,866-515-2342 866-581-1782,Automatic,Front Wheel Drive
Used 2011 Ford Edge 4dr SEL AWD,2FMDK4JC7BBB15753,2011,13900,79795,Tuxedo Black,Charcoal Cloth,Middleton Ford,866-515-2342 866-581-1782,Automatic,All Wheel Drive
"Used 2012 Ford Super Duty F-550 DRW 4WD Reg Cab 141"" WB 60"" CA XL",1FDUF5HT4CEB33746,2012,,25986,N/A,N/A,Middleton Ford,866-515-2342 866-581-1782,,
Used 2013 Ford Super Duty F-350 DRW 4WD Crew Cab 8 Ft Box XL,1FT8W3DT7DEA55402,2013,38900,53016,Silver,N/A,Middleton Ford,866-515-2342 866-581-1782,Automatic,4-Wheel Drive
Used 2013 Ford Focus 4dr Sdn SE,1FADP3F26DL325737,2013,8500,67709,Sterling Gray,Black Cloth,Middleton Ford,866-515-2342 866-581-1782,Manual,Front Wheel Drive
Used 2014 Ford Super Duty F-250 SRW 4WD Crew Cab 6-3/4 Ft Box XL,1FT7W2B60EEB77488,2014,36000,66719,Black,N/A,Middleton Ford,866-515-2342 866-581-1782,Automatic,4-Wheel Drive
Used 2014 Ford Fusion 4dr Sdn SE FWD,3FA6P0H94ER101905,2014,11800,95281,Black,N/A,Middleton Ford,866-515-2342 866-581-1782,Automatic,Front Wheel Drive
Used 2014 Ford Focus 5dr HB SE,1FADP3K2XEL324887,2014,10500,64990,Red,N/A,Middleton Ford,866-515-2342 866-581-1782,Manual,Front Wheel Drive
Used 2014 Ford Explorer 4WD 4dr XLT,1FM5K8D89EGB43750,2014,22500,55174,Black,N/A,Middleton Ford,866-515-2342 866-581-1782,Automatic,All Wheel Drive
Used 2015 Ford Fusion 4dr Sdn SE FWD,3FA6P0H99FR112819,2015,15900,23382,Bronze Fire,Black Cloth,Middleton Ford,866-515-2342 866-581-1782,Automatic,Front Wheel Drive
2010 Ford Fusion,3FAHP0JG2AR267092,2010,9500,73931,BLACK,,Lexus of Madison,877-510-3625 877-545-4105,Automatic,Front Wheel Drive
Used 2015 Ford Focus 4dr Sdn SE,1FADP3F24FL254864,2015,11800,36153,Oxford White,Black Cloth,Middleton Ford,866-515-2342 866-581-1782,Manual,Front Wheel Drive
Used 2015 Ford Flex 4dr SEL AWD,2FMHK6C81FBA15014,2015,26000,50237,White,N/A,Middleton Ford,866-515-2342 866-581-1782,Automatic,All Wheel Drive
Used 2016 Ford Escape 4WD 4dr SE,1FMCU9GX3GUC78057,2016,19700,18401,Black,Cloth,Middleton Ford,866-515-2342 866-581-1782,Automatic,All Wheel Drive
"Used 2017 Ford Transit Van T-150 148"" Low Rf 8600 GVWR Swing-Out RH Dr",1FTYE9ZM0HKB15387,2017,23000,32323,White,Pewter Vinyl,Middleton Ford,866-515-2342 866-581-1782,Automatic,Rear Wheel Drive
