name,brand,color,price,seller_name,seller_phone,seller_average_rating,seller_review_count,miles,distance_from_Madison,Exterior Color,Interior Color,Transmission,Drivetrain,VIN
2013 Honda Accord EX-L,Honda,Gray,15651,Kayser Ford Lincoln,(608) 807-5359,4.7,399,53985,2,Gray,Black,6-Speed Automatic,FWD,1HGCT2B88DA005127
2004 Honda Accord EX-L,Honda,Blue,5400,Zimbrick at Fish Hatchery Road,(608) 338-1471,4.3,376,173518,2,Eternal Blue Pearl,Gray,5-Speed Automatic,FWD,1HGCM56874A041660
2015 Honda Accord EX-L,Honda,Gray,19900,Zimbrick at Fish Hatchery Road,(888) 904-5961,4.3,376,20403,2,Hematite Metallic,Black,Automatic CVT,FWD,1HGCR2F81FA112502
2015 Honda Accord LX,Honda,Gray,17400,Zimbrick at Fish Hatchery Road,(888) 904-5961,4.3,376,12948,2,Modern Steel Metallic,Black,Automatic CVT,FWD,1HGCR2F32FA164676
2015 Honda Accord EX-L,Honda,Silver,18900,Zimbrick at Fish Hatchery Road,(888) 904-5961,4.3,376,3753,2,Alabaster Silver Metallic,Black,Automatic CVT,FWD,1HGCT1B89FA000953
2016 Honda Accord LX,Honda,White,16900,Smart Motors,(608) 318-4181,4.7,432,39479,4,White Orchid Pearl,Gray,1-Speed CVT w/OD,FWD,1HGCR2F33GA028140
2015 Honda Accord EX-L,Honda,Black,18998,Russ Darrow Kia Madison,(608) 338-1466,4.6,348,37722,4,Crystal Black Pearl,Black,Automatic CVT,FWD,1HGCR2F87FA119762
2014 Honda Accord EX-L,Honda,Black,15998,CarMax Madison,(608) 286-3923,4.3,3,77119,5,Black,Black,1-Speed CVT w/OD,FWD,1HGCR2F83EA170996
2015 Honda Accord LX-S,Honda,Black,16998,CarMax Madison,(608) 286-3923,4.3,3,33398,5,Black,Black,1-Speed CVT w/OD,FWD,1HGCT1B34FA007426
2012 Honda Accord EX,Honda,Gray,10250,Lexus of Madison,(608) 478-2660,5,68,108680,6,Polished Metal Metallic,Gray,5-Speed Automatic,FWD,1HGCP2F75CA024982
2017 Honda Accord LX,Honda,Red,17987,Schoepp Motors West,(608) 729-3822,2.7,5,18048,6,Red,,Automatic CVT,FWD,1HGCR2F31HA057668
2014 Honda Accord Sport,Honda,Gray,11889,Zimbrick Hyundai Eastside,(608) 338-1462,4.9,303,115717,7,Modern Steel Metallic,Black,CVT Transmission,Front Wheel Drive,1HGCR2F56EA280303
2015 Honda Accord Sport,Honda,Blue,16687,Zimbrick Hyundai Eastside,(608) 338-1462,4.9,303,31545,7,Obsidian Blue Pearl,Black,CVT Transmission,Front Wheel Drive,1HGCR2F57FA167168
2015 Honda Accord EX-L,Honda,White,18699,Wilde East Towne Honda,(608) 467-1594,4.9,2693,43832,7,White Orchid Pearl,,continuously variable w/sport mode,Front Wheel Drive,1HGCR2F8XFA247509
2015 Honda Accord EX-L,Honda,Gray,18999,Wilde East Towne Honda,(608) 467-1265,4.9,2693,44692,7,Hematite Metallic,,6-SPEED A/T,Front Wheel Drive,1HGCR3F86FA021540
2014 Honda Accord LX,Honda,Gray,11952,Wilde East Towne Honda,(608) 467-1265,4.9,2693,91697,7,Modern Steel Metallic,,continuously variable w/sport mode,Front Wheel Drive,1HGCR2F37EA154109
2015 Honda Accord LX,Honda,White,12200,Wilde East Towne Honda,(608) 467-1265,4.9,2693,96862,7,White Orchid Pearl,,continuously variable w/sport mode,Front Wheel Drive,1HGCR2F31FA043878
2015 Honda Accord Sport,Honda,Gray,16499,Wilde East Towne Honda,(608) 467-1265,4.9,2693,43900,7,Modern Steel Metallic,,continuously variable w/sport mode,Front Wheel Drive,1HGCR2F51FA107676
2013 Honda Accord EX-L,Honda,White,17499,Wilde East Towne Honda,(608) 467-1594,4.9,2693,41227,7,White Orchid Pearl,,CVT TRANSMISSION,Front Wheel Drive,1HGCT1B89DA011481
2017 Honda Accord LX,Honda,Red,19299,Wilde East Towne Honda,(608) 467-1594,4.9,2693,9016,7,Basque Red Pearl Ii,,continuously variable w/sport mode,Front Wheel Drive,1HGCR2F33HA187385
2015 Honda Accord EX,Honda,Silver,17588,Wilde East Towne Honda,(608) 467-1594,4.9,2693,29061,7,Alabaster Silver Metallic,,continuously variable w/sport mode,Front Wheel Drive,1HGCR2F70FA051599
2017 Honda Accord Sport,Honda,Gray,22699,Wilde East Towne Honda,(608) 467-1594,4.9,2693,4916,7,Modern Steel Metallic,Black,continuously variable w/sport mode,Front Wheel Drive,1HGCR2F55HA108607
2015 Honda Accord Touring,Honda,Black,21000,Wilde East Towne Honda,(608) 467-1594,4.9,2693,52605,7,Crystal Black Pearl,,electronic continuously variable,Front Wheel Drive,1HGCR6F79FA007219
2008 Honda Accord EX,Honda,Red,9277,Russ Darrow Mazda of Madison,(608) 338-1572,4.8,156,71561,7,Basque Red Pearl,Black,5-Speed Automatic,FWD,1HGCP36728A011510
2014 Honda Accord Touring,Honda,Black,19877,Russ Darrow Mazda of Madison,(608) 338-1572,4.8,156,31445,7,Crystal Black Pearl,Black,6-Speed Automatic,FWD,1HGCR3F90EA035411
2015 Honda Accord EX-L,Honda,Gray,20785,Don Miller East,(608) 729-3839,5,6,23789,7,Gray,,Automatic CVT,FWD,1HGCR2F89FA225050
2013 Honda Accord EX-L,Honda,Silver,14599,Wilde East Towne Honda,(608) 467-1265,4.9,2693,80452,7,Alabaster Silver Metallic,,CVT TRANSMISSION,Front Wheel Drive,1HGCR2F87DA126644
2008 Honda Accord LX,Honda,Gray,11991,East Madison Toyota,(888) 345-5904,4.6,41,53025,7,Polished Metal Metallic,Gray,5-Speed Automatic,FWD,1HGCP26358A000122
2016 Honda Accord EX-L,Honda,White,22299,Wilde East Towne Honda,(608) 467-1594,4.9,2693,29663,7,White Orchid Pearl,,continuously variable w/sport mode,Front Wheel Drive,1HGCR2F85GA140434
2015 Honda Accord EX-L,Honda,Silver,17999,Wilde East Towne Honda,(608) 467-1594,4.9,2693,59856,7,Alabaster Silver Metallic,,continuously variable w/sport mode,Front Wheel Drive,1HGCR2F83FA106040
2014 Honda Accord EX-L,Honda,Gray,16388,Wilde East Towne Honda,(608) 467-1594,4.9,2693,46860,7,Hematite Metallic,Black,continuously variable w/sport mode,Front Wheel Drive,1HGCR2F87EA287321
2006 Honda Accord LX,Honda,Blue,7999,Wilde East Towne Honda,(608) 467-1265,4.9,2693,126587,7,Royal Blue Pearl,Gray,5-SPEED A/T,Front Wheel Drive,1HGCM56486A074988
2017 Honda Accord Sport,Honda,Gray,22488,Wilde East Towne Honda,(608) 467-1594,4.9,2693,5962,7,Modern Steel Metallic,,continuously variable w/sport mode,Front Wheel Drive,1HGCR2F59HA159415
2010 Honda Accord EX-L,Honda,Silver,14991,East Madison Toyota,(888) 345-5904,4.6,41,40921,7,Silver,,5-Speed Automatic,FWD,1HGCP3F88AA022588
2005 Honda Accord EX-L,Honda,Other,7991,East Madison Toyota,(888) 345-5904,4.6,41,187568,7,Not Specified,,5-Speed Automatic,FWD,1HGCM72685A016994
2011 Honda Accord EX-L,Honda,Other,15991,East Madison Toyota,(888) 345-5904,4.6,41,39367,7,Not Specified,,5-Speed Automatic,FWD,1HGCP2F84BA104684
2015 Honda Accord EX-L,Honda,White,17300,Van Horn Chrysler Dodge Jeep Ram of Stoughton,(608) 205-4418,4.6,85,36750,12,White,Parchment,Automatic CVT,FWD,1HGCR2F86FA172811
2015 Honda Accord LX,Honda,Gray,15900,Ness Auto Sales,(608) 370-5288,,,34306,19,Gray,Gray,5 Speed Automatic,Front Wheel Drive,1HGCR2F39FA114941
2010 Honda Accord EX-L,Honda,Blue,8995,Don Miller West,(608) 467-0727,5,45,130025,4,Royal Blue Pearl,,5-Speed Automatic,FWD,1HGCP2F80AA037984
2016 Honda Accord Sport,Honda,Red,21360,Don Miller West,(608) 467-0727,5,45,23722,4,Red,Black,Automatic CVT,FWD,1HGCR2F5XGA170681
2013 Honda Accord EX-L,Honda,Other,12999,Wilde East Towne Honda,(608) 467-1265,4.9,2693,92272,7,Kona Coffee Met,,CVT TRANSMISSION,Front Wheel Drive,1HGCR2F86DA112055
2015 Honda Accord LX,Honda,Black,17900,Glenn,,,,7590,5,Black,Black,Automatic,FWD,
2010 Honda Accord EX-L,Honda,White,13995,Schoepp Motors East,(608) 729-5488,3,3,99373,4,White,,Automatic,Four Wheel Drive,5J6TF2H59AL013041
2004 Honda Accord EX-L,Honda,Other,5980,Metro Ford of Madison,(608) 729-3823,4.5,26,123921,7,,,5-Speed Manual,FWD,1HGCM71604A022191
2012 Honda Accord LX-P,Honda,Black,11500,Matt,,,,60000,1,Black,Beige,Automatic,FWD,1hgcp2f4xca004510
2016 Honda Accord LX,Honda,Gray,16900,Zimbrick at Fish Hatchery Road,(608) 338-1471,4.3,376,34028,2,Modern Steel Metallic,Black,Automatic CVT,FWD,1HGCR2F33GA044998
2015 Honda Accord EX-L,Honda,Black,17900,Zimbrick at Fish Hatchery Road,(888) 904-5961,4.3,376,53761,2,Crystal Black Pearl,Black,Automatic CVT,FWD,1HGCR2F86FA114813
2017 Honda Accord Sport,Honda,Blue,22900,Zimbrick at Fish Hatchery Road,(888) 904-5961,4.3,376,8630,2,Obsidian Blue Pearl,Black,Automatic CVT,FWD,1HGCR2F50HA157925
2015 Honda Accord EX-L,Honda,Red,19400,Zimbrick at Fish Hatchery Road,(608) 338-1471,4.3,376,33508,2,Basque Red Pearl Ii,Ivory,Automatic CVT,FWD,1HGCR2F88FA101707
2016 Honda Accord EX,Honda,Red,20900,Zimbrick at Fish Hatchery Road,(608) 338-1471,4.3,376,34696,2,Basque Red Pearl Ii,Ivory,Automatic CVT,FWD,1HGCR2F00GA010295
2016 Honda Accord Sport,Honda,Gray,19500,Zimbrick at Fish Hatchery Road,(888) 904-5961,4.3,376,37219,2,Modern Steel Metallic,Black,Automatic CVT,FWD,1HGCR2F58GA056002
2012 Honda Accord LX-P,Honda,Silver,12900,Zimbrick at Fish Hatchery Road,(608) 338-1471,4.3,376,48887,2,Alabaster Silver Metallic,Gray,5-Speed Automatic,FWD,1HGCP2F40CA075750
2015 Honda Accord EX-L,Honda,Blue,17998,Russ Darrow Kia Madison,(608) 338-1466,4.6,348,35345,4,Obsidian Blue Pearl,Gray,Automatic CVT,FWD,1HGCR2F87FA191528
2015 Honda Accord LX-S,Honda,Silver,16998,CarMax Madison,(608) 286-3923,4.3,3,34283,5,Silver,Black,Variable,FWD,1HGCT1B37FA000020
2015 Honda Accord EX-L,Honda,Gray,,Wilde East Towne Honda,(608) 467-1265,4.9,2693,33563,7,Modern Steel Metallic,,continuously variable w/sport mode,Front Wheel Drive,1HGCR2F87FA254210
