name,brand,color,price,seller_name,seller_phone,seller_average_rating,seller_review_count,miles,distance_from_Madison,Exterior Color,Interior Color,Transmission,Drivetrain
2018 Audi Q5 2.0T Premium,Audi,Silver,52725,Napleton Autowerks Loves Park,(815) 916-4212,4.9,339,,57,Florett Silver Metallic,Black,7-Speed Automatic with Auto-Shift,AWD
2018 Audi Q5 2.0T Premium,Audi,Gray,54375,Napleton Autowerks Loves Park,(815) 916-4212,4.9,339,,57,Monsoon Gray Metallic,Black,7-Speed Automatic with Auto-Shift,AWD
2016 Audi Q5 3.0 TDI Premium Plus quattro,Audi,Black,49968,Napleton Autowerks Loves Park,(815) 916-4212,4.9,339,,57,Brilliant Black,Pistachio Beige,8-Speed Automatic,AWD
2018 Audi Q5 2.0T Premium,Audi,Red,54000,Bergstrom Imports on Victory Lane,(877) 245-2925,4.3,390,,97,Matador Red Metallic,Atlas Beige / Gray,7-Speed Automatic with Auto-Shift,AWD
2018 Audi Q5 Premium Plus,Audi,Blue,52575,Audi Hoffman Estates,(847) 961-4989,4.9,1138,,100,Utopia Blue Metallic,Black,7-Speed Auto-Shift Manual w/OD,AWD
2018 Audi Q5 Prestige,Audi,Gray,54650,Audi Hoffman Estates,(847) 961-4989,4.9,1138,,100,Manhattan Gray Metallic,Black,7-Speed Auto-Shift Manual w/OD,AWD
2018 Audi Q5 Premium Plus,Audi,Gray,54375,Audi Hoffman Estates,(847) 961-4989,4.9,1138,,100,Gray,,7-Speed Auto-Shift Manual w/OD,AWD
2018 Audi Q5 Premium Plus,Audi,Other,54435,Audi Hoffman Estates,(847) 961-4989,4.9,1138,,100,Mythos_Plack,,7-Speed Auto-Shift Manual w/OD,AWD
2018 Audi Q5 Premium Plus,Audi,White,53860,Audi Hoffman Estates,(847) 961-4989,4.9,1138,,100,Ibis White,Nougat Brown,7-Speed Auto-Shift Manual w/OD,AWD
2018 Audi Q5 Premium Plus,Audi,Silver,53485,Audi Hoffman Estates,(847) 961-4989,4.9,1138,,100,Florett Silver Metallic,Black,7-Speed Auto-Shift Manual w/OD,AWD
2018 Audi Q5 Premium Plus,Audi,Black,53800,Audi Hoffman Estates,(847) 961-4989,4.9,1138,,100,Brilliant_Black,,7-Speed Auto-Shift Manual w/OD,AWD
2018 Audi Q5 Premium Plus,Audi,Black,53650,Audi Hoffman Estates,(847) 961-4989,4.9,1138,,100,Brilliant Black,Atlas Beige,7-Speed Auto-Shift Manual w/OD,AWD
2018 Audi Q5 2.0T Premium,Audi,Blue,53645,The Audi Exchange,(847) 739-9944,4.9,558,,102,Moonlight Blue Metallic,Nougat Brown / Black,7-Speed Automatic with Auto-Shift,AWD
2018 Audi Q5 2.0T Premium,Audi,Gray,53375,The Audi Exchange,(847) 739-9944,4.9,558,,102,Manhattan Gray Metallic,Rock Gray,7-Speed Automatic with Auto-Shift,AWD
2018 Audi Q5 2.0T Premium,Audi,Red,54650,The Audi Exchange,(847) 739-9944,4.9,558,,102,Matador Red Metallic,Rock Gray,7-Speed Automatic with Auto-Shift,AWD
2018 Audi Q5 2.0T Premium,Audi,Gray,49975,The Audi Exchange,(847) 739-9944,4.9,558,,102,Monsoon Gray Metallic,Black,7-Speed Automatic with Auto-Shift,AWD
2018 Audi Q5 2.0T Premium,Audi,Gray,45825,The Audi Exchange,(847) 739-9944,4.9,558,,102,Monsoon Gray Metallic,Black,7-Speed Automatic with Auto-Shift,AWD
2018 Audi Q5 2.0T Premium,Audi,Green,53125,The Audi Exchange,(847) 739-9944,4.9,558,,102,Azores Green Metallic,Rock Gray,7-Speed Automatic with Auto-Shift,AWD
2018 Audi Q5 2.0T Premium,Audi,White,52950,The Audi Exchange,(847) 739-9944,4.9,558,,102,Ibis White,Black,7-Speed Automatic with Auto-Shift,AWD
2018 Audi Q5 2.0T Premium,Audi,Black,53100,The Audi Exchange,(847) 739-9944,4.9,558,,102,Brilliant Black,Atlas Beige / Gray,7-Speed Automatic with Auto-Shift,AWD
2018 Audi Q5 2.0T Premium,Audi,Black,52150,The Audi Exchange,(847) 739-9944,4.9,558,,102,Brilliant Black,Atlas Beige / Gray,7-Speed Automatic with Auto-Shift,AWD
2018 Audi Q5 2.0T Premium,Audi,Silver,56175,The Audi Exchange,(847) 739-9944,4.9,558,,102,Florett Silver Metallic,Black,7-Speed Automatic with Auto-Shift,AWD
2018 Audi Q5 2.0T Premium,Audi,Blue,53175,The Audi Exchange,(847) 739-9944,4.9,558,,102,Navarra Blue Metallic,Rock Gray,7-Speed Automatic with Auto-Shift,AWD
2018 Audi Q5 2.0T Premium,Audi,Red,53375,The Audi Exchange,(847) 739-9944,4.9,558,,102,Matador Red Metallic,Atlas Beige / Gray,7-Speed Automatic with Auto-Shift,AWD
2018 Audi Q5 2.0T Premium,Audi,Gray,52725,The Audi Exchange,(847) 739-9944,4.9,558,,102,Manhattan Gray Metallic,Black,7-Speed Automatic with Auto-Shift,AWD
2018 Audi Q5 2.0T Premium,Audi,White,51850,The Audi Exchange,(847) 739-9944,4.9,558,,102,Ibis White,Black,7-Speed Automatic with Auto-Shift,AWD
2018 Audi Q5 2.0T Premium,Audi,Blue,53480,The Audi Exchange,(847) 739-9944,4.9,558,,102,Navarra Blue Metallic,Black,7-Speed Automatic with Auto-Shift,AWD
2018 Audi Q5 2.0T Premium,Audi,Silver,49825,The Audi Exchange,(847) 739-9944,4.9,558,,102,Florett Silver Metallic,Black,7-Speed Automatic with Auto-Shift,AWD
2018 Audi Q5 2.0T Premium,Audi,White,53860,The Audi Exchange,(847) 739-9944,4.9,558,,102,Ibis White,Nougat Brown / Black,7-Speed Automatic with Auto-Shift,AWD
2018 Audi Q5 2.0T Premium,Audi,Gray,53385,The Audi Exchange,(847) 739-9944,4.9,558,,102,Manhattan Gray Metallic,Black,7-Speed Automatic with Auto-Shift,AWD
2018 Audi Q5 2.0T Premium,Audi,White,50000,The Audi Exchange,(847) 739-9944,4.9,558,,102,Ibis White,Black,7-Speed Automatic with Auto-Shift,AWD
2018 Audi Q5 2.0T Premium,Audi,Silver,50340,The Audi Exchange,(847) 739-9944,4.9,558,,102,Florett Silver Metallic,Black,7-Speed Automatic with Auto-Shift,AWD
2018 Audi Q5 2.0T Premium,Audi,Blue,54435,The Audi Exchange,(847) 739-9944,4.9,558,,102,Moonlight Blue Metallic,Rock Gray,7-Speed Automatic with Auto-Shift,AWD
2018 Audi Q5 2.0T Premium,Audi,White,52950,The Audi Exchange,(847) 739-9944,4.9,558,,102,Ibis White,Atlas Beige / Gray,7-Speed Automatic with Auto-Shift,AWD
2018 Audi Q5 2.0T Premium,Audi,Red,54325,The Audi Exchange,(847) 739-9944,4.9,558,,102,Matador Red Metallic,Black,7-Speed Automatic with Auto-Shift,AWD
2018 Audi Q5 2.0T Premium,Audi,Black,52150,The Audi Exchange,(847) 739-9944,4.9,558,,102,Brilliant Black,Atlas Beige / Gray,7-Speed Automatic with Auto-Shift,AWD
2018 Audi Q5 2.0T Premium Plus quattro,Audi,White,50050,Audi La Crosse,(888) 357-2528,5,2,,103,Ibis White,Atlas Beige / Gray,7-Speed Automatic with Auto-Shift,AWD
2018 Audi Q5 2.0T Prestige quattro,Audi,Gray,53375,Audi La Crosse,(888) 357-2528,5,2,,103,Monsoon Gray Metallic,Black,7-Speed Automatic with Auto-Shift,AWD
2018 Audi Q5 2.0T Premium Plus quattro,Audi,White,50110,Audi La Crosse,(888) 357-2528,5,2,,103,Ibis White,Nougat Brown / Black,7-Speed Automatic with Auto-Shift,AWD
2018 Audi Q5 2.0T Premium,Audi,Silver,54435,Audi Morton Grove,(888) 510-2233,4.5,213,,109,Florett Silver Metallic,Black,7-Speed Automatic with Auto-Shift,AWD
2018 Audi Q5 2.0T Premium,Audi,Black,52950,Audi Morton Grove,(888) 510-2233,4.5,213,,109,Brilliant Black,Atlas Beige / Gray,7-Speed Automatic with Auto-Shift,AWD
2018 Audi Q5 2.0T Premium,Audi,White,52150,Audi Morton Grove,(888) 510-2233,4.5,213,,109,Ibis White,Atlas Beige / Gray,7-Speed Automatic with Auto-Shift,AWD
2018 Audi Q5 2.0T Premium,Audi,Silver,55975,Audi Morton Grove,(888) 510-2233,4.5,213,,109,Florett Silver Metallic,Black,7-Speed Automatic with Auto-Shift,AWD
2016 Audi Q5 3.0 TDI Premium Plus quattro,Audi,White,54025,Audi Morton Grove,(888) 510-2233,4.5,213,,109,Glacier White Metallic,Black,8-Speed Automatic,AWD
2018 Audi Q5 2.0T Premium,Audi,White,53860,Audi Morton Grove,(888) 510-2233,4.5,213,,109,Ibis White,Black,7-Speed Automatic with Auto-Shift,AWD
2018 Audi Q5 2.0T Premium,Audi,Gray,54375,Audi Morton Grove,(888) 510-2233,4.5,213,,109,Monsoon Gray Metallic,Black,7-Speed Automatic with Auto-Shift,AWD
2018 Audi Q5 2.0T Premium,Audi,Blue,50950,Continental Audi of Naperville,(888) 514-9110,4.8,470,,111,Utopia Blue Metallic,Atlas Beige / Gray,7-Speed Automatic with Auto-Shift,AWD
2018 Audi Q5 2.0T Premium,Audi,Gray,54850,Continental Audi of Naperville,(888) 514-9110,4.8,470,,111,Manhattan Gray Metallic,Black,7-Speed Automatic with Auto-Shift,AWD
2018 Audi Q5 2.0T Premium,Audi,Gray,51730,Continental Audi of Naperville,(888) 514-9110,4.8,470,,111,Monsoon Gray Metallic,Rock Gray,7-Speed Automatic with Auto-Shift,AWD
2018 Audi Q5 2.0T Premium,Audi,Blue,53750,Continental Audi of Naperville,(888) 514-9110,4.8,470,,111,Moonlight Blue Metallic,Nougat Brown / Black,7-Speed Automatic with Auto-Shift,AWD
2018 Audi Q5 2.0T Premium,Audi,Blue,47800,Continental Audi of Naperville,(888) 514-9110,4.8,470,,111,Utopia Blue Metallic,Atlas Beige / Gray,7-Speed Automatic with Auto-Shift,AWD
2018 Audi Q5 2.0T Premium,Audi,Black,53175,Continental Audi of Naperville,(888) 514-9110,4.8,470,,111,Brilliant Black,Atlas Beige / Gray,7-Speed Automatic with Auto-Shift,AWD
2018 Audi Q5 2.0T Premium,Audi,Green,54680,Continental Audi of Naperville,(888) 514-9110,4.8,470,,111,Azores Green Metallic,Rock Gray,7-Speed Automatic with Auto-Shift,AWD
2018 Audi Q5 2.0T Premium,Audi,White,51625,Lujack's Northpark Autoplaza,(888) 481-5702,3.5,5,,119,Ibis White,Black,7-Speed Automatic with Auto-Shift,AWD
2018 Audi Q5 2.0T Premium,Audi,Silver,53485,Lujack's Northpark Autoplaza,(888) 481-5702,3.5,5,,119,Florett Silver Metallic,Black,7-Speed Automatic with Auto-Shift,AWD
2018 Audi Q5 Premium Plus,Audi,White,53800,Fletcher Jones Audi,(312) 635-7294,4.8,538,,121,White,BEIGE,7-SPEED A/T,All Wheel Drive
2018 Audi Q5 Premium Plus,Audi,Gray,52725,Fletcher Jones Audi,(312) 635-7294,4.8,538,,121,Gray,Black,7-SPEED A/T,All Wheel Drive
2018 Audi Q5 Prestige,Audi,White,55350,Fletcher Jones Audi,(312) 635-7294,4.8,538,,121,White,Black,7-SPEED A/T,All Wheel Drive
2018 Audi Q5 Premium Plus,Audi,Blue,52200,Fletcher Jones Audi,(312) 635-7294,4.8,538,,121,Blue,BEIGE,Automatic,All Wheel Drive
2018 Audi Q5 Premium Plus,Audi,Silver,53305,Fletcher Jones Audi,(312) 635-7294,4.8,538,,121,Silver,Black,Automatic,All Wheel Drive
2018 Audi Q5 Premium Plus,Audi,White,53400,Fletcher Jones Audi,(312) 635-7294,4.8,538,,121,White,Black,7-SPEED A/T,All Wheel Drive
2018 Audi Q5 Premium Plus,Audi,Silver,54375,Fletcher Jones Audi,(312) 635-7294,4.8,538,,121,Silver,Black,7-SPEED A/T,All Wheel Drive
2018 Audi Q5 Premium Plus,Audi,Blue,52375,Fletcher Jones Audi,(312) 635-7294,4.8,538,,121,Blue,Black,Automatic,All Wheel Drive
2018 Audi Q5 Premium Plus,Audi,Blue,52400,Fletcher Jones Audi,(312) 635-7294,4.8,538,,121,Blue,BEIGE,Automatic,All Wheel Drive
2018 Audi Q5 Premium Plus,Audi,Gray,54375,Fletcher Jones Audi,(312) 635-7294,4.8,538,,121,Gray,Black,7-SPEED A/T,All Wheel Drive
2018 Audi Q5 Premium Plus,Audi,Black,54845,Fletcher Jones Audi,(312) 635-7294,4.8,538,,121,Black,Black,7-SPEED A/T,All Wheel Drive
2018 Audi Q5 Premium Plus,Audi,Blue,52900,Fletcher Jones Audi,(312) 635-7294,4.8,538,,121,Blue,BEIGE,Automatic,All Wheel Drive
2018 Audi Q5 Premium Plus,Audi,White,48450,Fletcher Jones Audi,(312) 635-7294,4.8,538,,121,White,BROWN,7-SPEED A/T,All Wheel Drive
2018 Audi Q5 Premium Plus,Audi,White,52150,Fletcher Jones Audi,(312) 635-7294,4.8,538,,121,White,Black,7-SPEED A/T,All Wheel Drive
2018 Audi Q5 Premium Plus,Audi,Gray,54185,Fletcher Jones Audi,(312) 635-7294,4.8,538,,121,Gray,Black,7-SPEED A/T,All Wheel Drive
2018 Audi Q5 Premium Plus,Audi,Black,52725,Fletcher Jones Audi,(312) 635-7294,4.8,538,,121,Black,Black,7-SPEED A/T,All Wheel Drive
2018 Audi Q5 Premium Plus,Audi,Gray,54025,Fletcher Jones Audi,(312) 635-7294,4.8,538,,121,Gray,Black,Automatic,All Wheel Drive
2018 Audi Q5 Premium Plus,Audi,Black,54185,Fletcher Jones Audi,(312) 635-7294,4.8,538,,121,Black,Black,7-SPEED A/T,All Wheel Drive
2018 Audi Q5 Premium Plus,Audi,Black,55030,Fletcher Jones Audi,(312) 635-7294,4.8,538,,121,Black,Black,7-SPEED A/T,All Wheel Drive
2018 Audi Q5 Premium Plus,Audi,Silver,54375,Fletcher Jones Audi,(312) 635-7294,4.8,538,,121,Silver,Black,7-SPEED A/T,All Wheel Drive
2018 Audi Q5 Premium Plus,Audi,Blue,52200,Fletcher Jones Audi,(312) 635-7294,4.8,538,,121,Blue,BEIGE,Automatic,All Wheel Drive
2018 Audi Q5 Premium Plus,Audi,Black,52150,Fletcher Jones Audi,(312) 635-7294,4.8,538,,121,Black,BEIGE,7-SPEED A/T,All Wheel Drive
2018 Audi Q5 Premium Plus,Audi,Green,49825,Fletcher Jones Audi,(312) 635-7294,4.8,538,,121,Green,BEIGE,7-SPEED A/T,All Wheel Drive
2018 Audi Q5 Premium Plus,Audi,White,52150,Fletcher Jones Audi,(312) 635-7294,4.8,538,,121,White,Black,7-SPEED A/T,All Wheel Drive
2018 Audi Q5 Premium Plus,Audi,Silver,54375,Fletcher Jones Audi,(312) 635-7294,4.8,538,,121,Silver,Black,7-SPEED A/T,All Wheel Drive
2018 Audi Q5 Premium Plus,Audi,Gray,54225,Fletcher Jones Audi,(312) 635-7294,4.8,538,,121,Gray,Black,7-SPEED A/T,All Wheel Drive
2018 Audi Q5 2.0T Premium Plus,Audi,Red,54435,Audi Orland Park,(708) 390-0186,4.7,248,,131,Matador Red Metallic,Black,7-Speed Automatic S tronic,quattro
2018 Audi Q5 2.0T Prestige quattro,Audi,Black,53450,Carousel Motors,(319) 800-6780,4.8,147,,145,Brilliant Black,Atlas Beige / Gray,7-Speed Automatic with Auto-Shift,AWD
2018 Audi Q5 2.0T Premium,Audi,White,52500,Carousel Motors,(319) 800-6780,4.8,147,,145,Ibis White,Atlas Beige / Gray,7-Speed Automatic with Auto-Shift,AWD
2018 Audi Q5 2.0T Premium,Audi,Black,54785,Carousel Motors,(319) 800-6780,4.8,147,,145,Mythos Black Metallic,Black,7-Speed Automatic with Auto-Shift,AWD
2018 Audi Q5 2.0T Premium,Audi,Black,54255,Carousel Motors,(319) 800-6780,4.8,147,,145,Brilliant Black,Atlas Beige / Gray,7-Speed Automatic with Auto-Shift,AWD
2018 Audi Q5 2.0T Prestige quattro,Audi,Gray,55810,Autohaus of Peoria,(866) 753-0076,4,50,,156,Manhattan Gray Metallic,Black,7-Speed Automatic with Auto-Shift,AWD
2018 Audi Q5 2.0T Premium Plus quattro,Audi,Gray,53125,Team Audi Volkswagen,(219) 810-6621,3.8,8,,156,Manhattan Gray Metallic,Black,7-Speed Automatic with Auto-Shift,AWD
2018 Audi Q5 2.0T Premium Plus quattro,Audi,Silver,52375,Autohaus of Peoria,(866) 753-0076,4,50,,156,Florett Silver Metallic,Black,7-Speed Automatic with Auto-Shift,AWD
2018 Audi Q5 2.0T Premium Plus quattro,Audi,White,49376,Team Audi Volkswagen,(219) 810-6621,3.8,8,,156,Ibis White,Atlas Beige / Gray,7-Speed Automatic with Auto-Shift,AWD
2018 Audi Q5 2.0T Premium Plus quattro,Audi,Blue,52900,Team Audi Volkswagen,(219) 810-6621,3.8,8,,156,Moonlight Blue Metallic,Black,7-Speed Automatic with Auto-Shift,AWD
2018 Audi Q5 2.0T Premium Plus quattro,Audi,Blue,50350,Team Audi Volkswagen,(219) 810-6621,3.8,8,,156,Moonlight Blue Metallic,Rock Gray,7-Speed Automatic with Auto-Shift,AWD
2018 Audi Q5 2.0T Premium,Audi,Black,50679,Luther Park Place BMW,(507) 226-9966,4.9,912,,166,Mythos Black Metallic,Black,7-Speed Automatic with Auto-Shift,AWD
2018 Audi Q5 2.0T Premium,Audi,Gray,49799,Luther Park Place BMW,(507) 226-9966,4.9,912,,166,Manhattan Gray Metallic,Black,7-Speed Automatic with Auto-Shift,AWD
2018 Audi Q5 2.0T Premium,Audi,Blue,50599,Luther Park Place BMW,(507) 226-9966,4.9,912,,166,Moonlight Blue Metallic,Black,7-Speed Automatic with Auto-Shift,AWD
2018 Audi Q5 Premium Plus,Audi,Blue,51995,Grossinger Motors,(888) 267-0011,4.8,51,,178,Moonlight Blue Metallic,Rock Gray,7-Speed Auto-Shift Manual w/OD,AWD
2018 Audi Q5 2.0T Prestige quattro,Audi,Green,56930,Maple Hill Auto Group,(269) 203-2055,4.8,153,,200,Azores Green Metallic,Rock Gray,7-Speed Automatic with Auto-Shift,AWD
2018 Audi Q5 2.0T Premium Plus quattro,Audi,Gray,50969,Maple Hill Auto Group,(269) 203-2055,4.8,153,,200,Manhattan Gray Metallic,Black,7-Speed Automatic with Auto-Shift,AWD
2018 Audi Q5 2.0T Prestige quattro,Audi,Green,58190,Maple Hill Auto Group,(269) 203-2055,4.8,153,,200,Azores Green Metallic,Nougat Brown / Black,7-Speed Automatic with Auto-Shift,AWD
2018 Audi Q5 2.0T Premium Plus quattro,Audi,Blue,51931,Maple Hill Auto Group,(269) 203-2055,4.8,153,,200,Utopia Blue Metallic,Rock Gray,7-Speed Automatic with Auto-Shift,AWD
2018 Audi Q5 2.0T Premium,Audi,Black,54185,Napleton Autowerks Loves Park,(815) 916-4212,4.9,339,,57,Mythos Black Metallic,Nougat Brown / Black,7-Speed Automatic with Auto-Shift,AWD
2018 Audi Q5 2.0T Premium,Audi,Black,52950,Napleton Autowerks Loves Park,(815) 916-4212,4.9,339,,57,Brilliant Black,Atlas Beige / Gray,7-Speed Automatic with Auto-Shift,AWD
2018 Audi Q5 2.0T Premium,Audi,Silver,54185,Napleton Autowerks Loves Park,(815) 916-4212,4.9,339,,57,Florett Silver Metallic,Black,7-Speed Automatic with Auto-Shift,AWD
2018 Audi Q5 2.0T Premium,Audi,Blue,53385,Audi North Shore,(414) 375-4847,3.5,14,,75,Moonlight Blue Metallic,Nougat Brown / Black,7-Speed Automatic with Auto-Shift,AWD
2018 Audi Q5 2.0T Prestige quattro,Audi,Gray,57145,Audi North Shore,(414) 375-4847,3.5,14,,75,Manhattan Gray Metallic,Nougat Brown / Black,7-Speed Automatic with Auto-Shift,AWD
2018 Audi Q5 2.0T Premium,Audi,Red,53635,Audi North Shore,(414) 375-4847,3.5,14,,75,Matador Red Metallic,Black,7-Speed Automatic with Auto-Shift,AWD
2018 Audi Q5 2.0T Prestige quattro,Audi,Black,54375,Audi North Shore,(414) 375-4847,3.5,14,,75,Mythos Black Metallic,Black,7-Speed Automatic with Auto-Shift,AWD
2016 Audi Q5 3.0 TDI Premium Plus quattro,Audi,Silver,51580,Bergstrom Imports on Victory Lane,(877) 245-2925,4.3,390,,97,Florett Silver Metallic,Titanium Gray / Steel Gray,8-Speed Automatic,AWD
2018 Audi Q5 2.0T Premium,Audi,Blue,53450,Bergstrom Imports on Victory Lane,(877) 245-2925,4.3,390,,97,Navarra Blue Metallic,Black,7-Speed Automatic with Auto-Shift,AWD
2018 Audi Q5 2.0T Premium,Audi,Gray,54955,Bergstrom Imports on Victory Lane,(877) 245-2925,4.3,390,,97,Manhattan Gray Metallic,Atlas Beige / Gray,7-Speed Automatic with Auto-Shift,AWD
2018 Audi Q5 Prestige,Audi,White,55100,Audi Hoffman Estates,(847) 961-4989,4.9,1138,,100,Ibis White,Atlas Beige,7-Speed Auto-Shift Manual w/OD,AWD
2018 Audi Q5 Premium Plus,Audi,White,53800,Audi Hoffman Estates,(847) 961-4989,4.9,1138,,100,Ibis White,Black,7-Speed Auto-Shift Manual w/OD,AWD
2018 Audi Q5 Premium Plus,Audi,Blue,53485,Audi Hoffman Estates,(847) 961-4989,4.9,1138,,100,Moonlight Blue Metallic,Rock Gray,7-Speed Auto-Shift Manual w/OD,AWD
2018 Audi Q5 Premium Plus,Audi,White,53800,Audi Hoffman Estates,(847) 961-4989,4.9,1138,,100,Ibis White,Atlas Beige,7-Speed Auto-Shift Manual w/OD,AWD
2018 Audi Q5 Premium Plus,Audi,Silver,53585,Audi Hoffman Estates,(847) 961-4989,4.9,1138,,100,Florett Silver Metallic,Black,7-Speed Auto-Shift Manual w/OD,AWD
2018 Audi Q5 Premium Plus,Audi,Blue,54185,Audi Hoffman Estates,(847) 961-4989,4.9,1138,,100,Moonlight Blue Metallic,Nougat Brown,7-Speed Auto-Shift Manual w/OD,AWD
2018 Audi Q5 Premium Plus,Audi,Gray,54185,Audi Hoffman Estates,(847) 961-4989,4.9,1138,,100,Manhattan Gray Metallic,Black,7-Speed Auto-Shift Manual w/OD,AWD
2018 Audi Q5 2.0T Premium,Audi,Black,52950,The Audi Exchange,(847) 739-9944,4.9,558,,102,Brilliant Black,Atlas Beige / Gray,7-Speed Automatic with Auto-Shift,AWD
2018 Audi Q5 2.0T Premium,Audi,Red,49625,The Audi Exchange,(847) 739-9944,4.9,558,,102,Matador Red Metallic,Black,7-Speed Automatic with Auto-Shift,AWD
2018 Audi Q5 2.0T Premium,Audi,Silver,54435,The Audi Exchange,(847) 739-9944,4.9,558,,102,Florett Silver Metallic,Black,7-Speed Automatic with Auto-Shift,AWD
2018 Audi Q5 2.0T Premium,Audi,Blue,55325,The Audi Exchange,(847) 739-9944,4.9,558,,102,Moonlight Blue Metallic,Rock Gray,7-Speed Automatic with Auto-Shift,AWD
2018 Audi Q5 2.0T Premium,Audi,Gray,49775,The Audi Exchange,(847) 739-9944,4.9,558,,102,Manhattan Gray Metallic,Black,7-Speed Automatic with Auto-Shift,AWD
2018 Audi Q5 2.0T Premium,Audi,White,52910,The Audi Exchange,(847) 739-9944,4.9,558,,102,Ibis White,Atlas Beige / Gray,7-Speed Automatic with Auto-Shift,AWD
2018 Audi Q5 2.0T Premium,Audi,White,52950,The Audi Exchange,(847) 739-9944,4.9,558,,102,Ibis White,Atlas Beige / Gray,7-Speed Automatic with Auto-Shift,AWD
2018 Audi Q5 2.0T Premium,Audi,Black,54375,The Audi Exchange,(847) 739-9944,4.9,558,,102,Mythos Black Metallic,Black,7-Speed Automatic with Auto-Shift,AWD
2018 Audi Q5 2.0T Premium,Audi,White,52800,The Audi Exchange,(847) 739-9944,4.9,558,,102,Ibis White,Black,7-Speed Automatic with Auto-Shift,AWD
2018 Audi Q5 2.0T Premium,Audi,Black,55975,The Audi Exchange,(847) 739-9944,4.9,558,,102,Mythos Black Metallic,Black,7-Speed Automatic with Auto-Shift,AWD
2018 Audi Q5 2.0T Premium,Audi,Blue,54435,The Audi Exchange,(847) 739-9944,4.9,558,,102,Moonlight Blue Metallic,Black,7-Speed Automatic with Auto-Shift,AWD
2018 Audi Q5 2.0T Premium,Audi,Silver,54375,The Audi Exchange,(847) 739-9944,4.9,558,,102,Florett Silver Metallic,Black,7-Speed Automatic with Auto-Shift,AWD
2018 Audi Q5 2.0T Premium,Audi,Black,54750,The Audi Exchange,(847) 739-9944,4.9,558,,102,Brilliant Black,Atlas Beige / Gray,7-Speed Automatic with Auto-Shift,AWD
2018 Audi Q5 2.0T Premium,Audi,White,53100,The Audi Exchange,(847) 739-9944,4.9,558,,102,Ibis White,Atlas Beige / Gray,7-Speed Automatic with Auto-Shift,AWD
2018 Audi Q5 2.0T Premium,Audi,Black,52000,The Audi Exchange,(847) 739-9944,4.9,558,,102,Brilliant Black,Atlas Beige / Gray,7-Speed Automatic with Auto-Shift,AWD
2018 Audi Q5 2.0T Premium,Audi,Blue,56525,The Audi Exchange,(847) 739-9944,4.9,558,,102,Moonlight Blue Metallic,Nougat Brown / Black,7-Speed Automatic with Auto-Shift,AWD
2018 Audi Q5 2.0T Premium,Audi,Black,53525,The Audi Exchange,(847) 739-9944,4.9,558,,102,Mythos Black Metallic,Black,7-Speed Automatic with Auto-Shift,AWD
2018 Audi Q5 2.0T Premium,Audi,Silver,54375,The Audi Exchange,(847) 739-9944,4.9,558,,102,Florett Silver Metallic,Black,7-Speed Automatic with Auto-Shift,AWD
2018 Audi Q5 2.0T Premium,Audi,White,53800,The Audi Exchange,(847) 739-9944,4.9,558,,102,Ibis White,Black,7-Speed Automatic with Auto-Shift,AWD
2018 Audi Q5 2.0T Premium,Audi,White,56200,The Audi Exchange,(847) 739-9944,4.9,558,,102,Ibis White,Nougat Brown / Black,7-Speed Automatic with Auto-Shift,AWD
2018 Audi Q5 2.0T Premium,Audi,Blue,55325,The Audi Exchange,(847) 739-9944,4.9,558,,102,Moonlight Blue Metallic,Nougat Brown / Black,7-Speed Automatic with Auto-Shift,AWD
2018 Audi Q5 2.0T Premium Plus quattro,Audi,Gray,50685,Audi La Crosse,(888) 357-2528,5,2,,103,Manhattan Gray Metallic,Black,7-Speed Automatic with Auto-Shift,AWD
2018 Audi Q5 2.0T Premium Plus quattro,Audi,Gray,48600,Audi La Crosse,(888) 357-2528,5,2,,103,Manhattan Gray Metallic,Black,7-Speed Automatic with Auto-Shift,AWD
2018 Audi Q5 2.0T Premium,Audi,Silver,54375,Audi Morton Grove,(888) 510-2233,4.5,213,,109,Florett Silver Metallic,Black,7-Speed Automatic with Auto-Shift,AWD
2018 Audi Q5 2.0T Prestige quattro,Audi,Black,53100,Continental Audi of Naperville,(888) 514-9110,4.8,470,,111,Brilliant Black,Atlas Beige / Gray,7-Speed Automatic with Auto-Shift,AWD
2018 Audi Q5 2.0T Prestige quattro,Audi,White,54505,Continental Audi of Naperville,(888) 514-9110,4.8,470,,111,Ibis White,Nougat Brown / Black,7-Speed Automatic with Auto-Shift,AWD
2018 Audi Q5 2.0T Premium,Audi,Blue,50950,Continental Audi of Naperville,(888) 514-9110,4.8,470,,111,Utopia Blue Metallic,Atlas Beige / Gray,7-Speed Automatic with Auto-Shift,AWD
2018 Audi Q5 2.0T Prestige quattro,Audi,Silver,56630,Continental Audi of Naperville,(888) 514-9110,4.8,470,,111,Florett Silver Metallic,Black,7-Speed Automatic with Auto-Shift,AWD
2018 Audi Q5 2.0T Premium,Audi,Black,54930,Continental Audi of Naperville,(888) 514-9110,4.8,470,,111,Mythos Black Metallic,Black,7-Speed Automatic with Auto-Shift,AWD
2018 Audi Q5 2.0T Prestige quattro,Audi,Blue,54550,Continental Audi of Naperville,(888) 514-9110,4.8,470,,111,Utopia Blue Metallic,Rock Gray,7-Speed Automatic with Auto-Shift,AWD
2018 Audi Q5 2.0T Premium,Audi,Blue,50930,Continental Audi of Naperville,(888) 514-9110,4.8,470,,111,Utopia Blue Metallic,Atlas Beige / Gray,7-Speed Automatic with Auto-Shift,AWD
2018 Audi Q5 Premium Plus,Audi,White,52910,Audi Westmont,(877) 457-9706,4.8,354,,115,Ibis White,Nougat Brown,7-Speed Auto-Shift Manual w/OD,AWD
2018 Audi Q5 Premium Plus,Audi,Blue,54955,Audi Westmont,(877) 457-9706,4.8,354,,115,Navarra Blue Metallic,Rock Gray,7-Speed Auto-Shift Manual w/OD,AWD
2018 Audi Q5 Premium Plus,Audi,Red,54435,Audi Westmont,(877) 457-9706,4.8,354,,115,Matador Red Metallic,Black,7-Speed Auto-Shift Manual w/OD,AWD
2018 Audi Q5 Premium Plus,Audi,Gray,52980,Audi Westmont,(877) 457-9706,4.8,354,,115,Manhattan Gray Metallic,Rock Gray,7-Speed Auto-Shift Manual w/OD,AWD
2018 Audi Q5 Premium Plus,Audi,Green,52105,Audi Westmont,(877) 457-9706,4.8,354,,115,Azores Green Metallic,Nougat Brown,7-Speed Auto-Shift Manual w/OD,AWD
2018 Audi Q5 Premium Plus,Audi,Silver,54435,Audi Westmont,(877) 457-9706,4.8,354,,115,Florett Silver Metallic,Black,7-Speed Auto-Shift Manual w/OD,AWD
2018 Audi Q5 Premium Plus,Audi,Black,49705,Audi Westmont,(877) 457-9706,4.8,354,,115,Brilliant Black,Atlas Beige,7-Speed Auto-Shift Manual w/OD,AWD
2018 Audi Q5 Premium Plus,Audi,Gray,53050,Audi Westmont,(877) 457-9706,4.8,354,,115,Monsoon Gray Metallic,Black,7-Speed Auto-Shift Manual w/OD,AWD
2018 Audi Q5 Premium Plus,Audi,Gray,49480,Audi Westmont,(877) 457-9706,4.8,354,,115,Monsoon Gray Metallic,Rock Gray,7-Speed Auto-Shift Manual w/OD,AWD
2018 Audi Q5 Premium,Audi,Blue,47255,Audi Westmont,(877) 457-9706,4.8,354,,115,Navarra Blue Metallic,Nougat Brown,7-Speed Auto-Shift Manual w/OD,AWD
2018 Audi Q5 Premium Plus,Audi,Blue,54375,Audi Westmont,(877) 457-9706,4.8,354,,115,Moonlight Blue Metallic,Nougat Brown,7-Speed Auto-Shift Manual w/OD,AWD
2018 Audi Q5 Premium Plus,Audi,Blue,54435,Audi Westmont,(877) 457-9706,4.8,354,,115,Moonlight Blue Metallic,Rock Gray,7-Speed Auto-Shift Manual w/OD,AWD
2018 Audi Q5 2.0T Premium,Audi,Blue,54435,Lujack's Northpark Autoplaza,(888) 481-5702,3.5,5,,119,Moonlight Blue Metallic,Black,7-Speed Automatic with Auto-Shift,AWD
2018 Audi Q5 Premium Plus,Audi,Gray,54375,Fletcher Jones Audi,(312) 635-7294,4.8,538,,121,Gray,Black,7-SPEED A/T,All Wheel Drive
2016 Audi Q5 Premium Plus,Audi,White,54025,Fletcher Jones Audi,(312) 635-7294,4.8,538,,121,Glacier White,BLACK INT,Automatic,All Wheel Drive
2018 Audi Q5 Premium Plus,Audi,Black,52150,Fletcher Jones Audi,(312) 635-7294,4.8,538,,121,Black,BEIGE,7-SPEED A/T,All Wheel Drive
2018 Audi Q5 Premium Plus,Audi,Black,54225,Fletcher Jones Audi,(312) 635-7294,4.8,538,,121,Black,Black,7-SPEED A/T,All Wheel Drive
2018 Audi Q5 Premium Plus,Audi,White,48450,Fletcher Jones Audi,(312) 635-7294,4.8,538,,121,White,BROWN,7-SPEED A/T,All Wheel Drive
2018 Audi Q5 Premium Plus,Audi,Black,52950,Fletcher Jones Audi,(312) 635-7294,4.8,538,,121,Black,BEIGE,7-SPEED A/T,All Wheel Drive
2018 Audi Q5 Premium Plus,Audi,Blue,53375,Fletcher Jones Audi,(312) 635-7294,4.8,538,,121,Blue,BROWN,7-SPEED A/T,All Wheel Drive
2018 Audi Q5 Premium Plus,Audi,Black,52575,Fletcher Jones Audi,(312) 635-7294,4.8,538,,121,Black,Black,7-SPEED A/T,All Wheel Drive
2018 Audi Q5 Premium Plus,Audi,Other,53525,Audi Orland Park,(708) 390-0186,4.7,248,,131,,,7-Speed Automatic S tronic,quattro
2018 Audi Q5 Premium Plus,Audi,Other,52950,Audi Orland Park,(708) 390-0186,4.7,248,,131,,,7-Speed Automatic S tronic,quattro
2018 Audi Q5 2.0T Prestige,Audi,Blue,56885,Audi Orland Park,(708) 390-0186,4.7,248,,131,Navarra Blue Metallic,Nougat Brown,7-Speed Automatic S tronic,quattro
2018 Audi Q5 Premium Plus,Audi,Black,52150,Audi Orland Park,(708) 390-0186,4.7,248,,131,Black,,7-Speed Automatic S tronic,quattro
2018 Audi Q5 2.0T Premium Plus,Audi,Black,54425,Audi Orland Park,(708) 390-0186,4.7,248,,131,Mythos Black Metallic,Black,7-Speed Automatic S tronic,quattro
2018 Audi Q5 2.0T Premium,Audi,Black,50750,Carousel Motors,(319) 800-6780,4.8,147,,145,Brilliant Black,Black,7-Speed Automatic with Auto-Shift,AWD
2018 Audi Q5 2.0T Premium Plus quattro,Audi,White,51167,Team Audi Volkswagen,(219) 810-6621,3.8,8,,156,Ibis White,Black,7-Speed Automatic with Auto-Shift,AWD
2018 Audi Q5 2.0T Premium Plus quattro,Audi,White,49505,Team Audi Volkswagen,(219) 810-6621,3.8,8,,156,Ibis White,Nougat Brown / Black,7-Speed Automatic with Auto-Shift,AWD
2018 Audi Q5 2.0T Premium Plus quattro,Audi,Blue,53150,Team Audi Volkswagen,(219) 810-6621,3.8,8,,156,Moonlight Blue Metallic,Rock Gray,7-Speed Automatic with Auto-Shift,AWD
2018 Audi Q5 2.0T Premium,Audi,Silver,47599,Luther Park Place BMW,(507) 226-9966,4.9,912,,166,Florett Silver Metallic,Black,7-Speed Automatic with Auto-Shift,AWD
2018 Audi Q5 2.0T Premium,Audi,Red,50699,Luther Park Place BMW,(507) 226-9966,4.9,912,,166,Matador Red Metallic,Black,7-Speed Automatic with Auto-Shift,AWD
2018 Audi Q5 2.0T Premium,Audi,Red,48599,Luther Park Place BMW,(507) 226-9966,4.9,912,,166,Matador Red Metallic,Atlas Beige / Gray,7-Speed Automatic with Auto-Shift,AWD
2017 Audi Q5 2.0T Premium quattro,Audi,Black,43869,Luther Park Place BMW,(507) 226-9966,4.9,912,,166,Mythos Black Metallic,Black,8-Speed Automatic,AWD
2018 Audi Q5 Premium Plus,Audi,Blue,50795,Grossinger Motors,(888) 267-0011,4.8,51,,178,Moonlight Blue Metallic,Black,7-Speed Auto-Shift Manual w/OD,AWD
2018 Audi Q5 Premium,Audi,Blue,46995,Grossinger Motors,(888) 267-0011,4.8,51,,178,Utopia Blue Metallic,Rock Gray,7-Speed Auto-Shift Manual w/OD,AWD
2018 Audi Q5 2.0T Premium Plus quattro,Audi,Blue,50815,Maple Hill Auto Group,(269) 203-2055,4.8,153,,200,Moonlight Blue Metallic,Nougat Brown / Black,7-Speed Automatic with Auto-Shift,AWD
2018 Audi Q5 2.0T Premium Plus quattro,Audi,Red,52867,Maple Hill Auto Group,(269) 203-2055,4.8,153,,200,Matador Red Metallic,Rock Gray,7-Speed Automatic with Auto-Shift,AWD
2018 Audi Q5 Prestige,Audi,Blue,56775,Fletcher Jones Audi,(312) 635-7294,4.8,538,,121,Blue,BROWN,7-SPEED A/T,All Wheel Drive
2018 Audi Q5 Premium Plus,Audi,White,52660,Fletcher Jones Audi,(312) 635-7294,4.8,538,,121,White,Black,7-SPEED A/T,All Wheel Drive
2016 Audi Q5 3.0T Premium Plus quattro,Audi,Black,46593,International Autos,(414) 203-5342,3.8,56,,71,Mythos Black Metallic,Black,8-Speed Automatic,AWD
2018 Audi Q5 Premium Plus,Audi,White,52550,Fletcher Jones Audi,(312) 635-7294,4.8,538,,121,White,BEIGE,7-SPEED A/T,All Wheel Drive
2018 Audi Q5 Premium Plus,Audi,Black,54185,Audi Hoffman Estates,(847) 961-4989,4.9,1138,,100,Mythos Black Metallic,Nougat Brown,7-Speed Auto-Shift Manual w/OD,AWD
2018 Audi Q5 Premium Plus,Audi,Red,53485,Audi Westmont,(877) 457-9706,4.8,354,,115,Matador Red Metallic,Black,7-Speed Auto-Shift Manual w/OD,AWD
2018 Audi Q5 2.0T Premium,Audi,White,52050,The Audi Exchange,(847) 739-9944,4.9,558,,102,Ibis White,Atlas Beige / Gray,7-Speed Automatic with Auto-Shift,AWD
2018 Audi Q5 2.0T Premium,Audi,Gray,53375,The Audi Exchange,(847) 739-9944,4.9,558,,102,Manhattan Gray Metallic,Black,7-Speed Automatic with Auto-Shift,AWD
2018 Audi Q5 2.0T Premium,Audi,Gray,52575,The Audi Exchange,(847) 739-9944,4.9,558,,102,Monsoon Gray Metallic,Nougat Brown / Black,7-Speed Automatic with Auto-Shift,AWD
2018 Audi Q5 2.0T Premium,Audi,White,52150,The Audi Exchange,(847) 739-9944,4.9,558,,102,Ibis White,Nougat Brown / Black,7-Speed Automatic with Auto-Shift,AWD
2018 Audi Q5 2.0T Premium,Audi,Gray,55975,The Audi Exchange,(847) 739-9944,4.9,558,,102,Manhattan Gray Metallic,Black,7-Speed Automatic with Auto-Shift,AWD
2018 Audi Q5 Premium Plus,Audi,Black,52575,Fletcher Jones Audi,(312) 635-7294,4.8,538,,121,Black,Black,7-SPEED A/T,All Wheel Drive
2016 Audi Q5 3.0T Premium Plus quattro,Audi,White,47900,International Autos,(414) 203-5342,3.8,56,,71,Glacier White Metallic,Pistachio Beige,8-Speed Automatic,AWD
2018 Audi Q5 2.0T Premium,Audi,Black,49825,The Audi Exchange,(847) 739-9944,4.9,558,,102,Mythos Black Metallic,Black,7-Speed Automatic with Auto-Shift,AWD
2018 Audi Q5 2.0T Premium Plus,Audi,Black,53635,Audi Orland Park,(708) 390-0186,4.7,248,,131,Mythos Black Metallic,Black,7-Speed Automatic S tronic,quattro
2018 Audi Q5 Premium Plus,Audi,White,53800,Fletcher Jones Audi,(312) 635-7294,4.8,538,,121,White,Black,7-SPEED A/T,All Wheel Drive
2018 Audi Q5 2.0T Premium,Audi,Silver,55975,The Audi Exchange,(847) 739-9944,4.9,558,,102,Florett Silver Metallic,Black,7-Speed Automatic with Auto-Shift,AWD
2018 Audi Q5 2.0T Premium,Audi,Gray,52575,The Audi Exchange,(847) 739-9944,4.9,558,,102,Manhattan Gray Metallic,Black,7-Speed Automatic with Auto-Shift,AWD
2018 Audi Q5 2.0T Premium,Audi,Blue,53525,The Audi Exchange,(847) 739-9944,4.9,558,,102,Moonlight Blue Metallic,Black,7-Speed Automatic with Auto-Shift,AWD
2018 Audi Q5 2.0T Premium,Audi,Gray,54435,The Audi Exchange,(847) 739-9944,4.9,558,,102,Manhattan Gray Metallic,Black,7-Speed Automatic with Auto-Shift,AWD
2018 Audi Q5 2.0T Premium,Audi,Gray,55430,The Audi Exchange,(847) 739-9944,4.9,558,,102,Manhattan Gray Metallic,Black,7-Speed Automatic with Auto-Shift,AWD
2018 Audi Q5 Premium Plus,Audi,White,52000,Fletcher Jones Audi,(312) 635-7294,4.8,538,,121,White,Black,7-SPEED A/T,All Wheel Drive
2018 Audi Q5 Premium Plus,Audi,Black,52575,Fletcher Jones Audi,(312) 635-7294,4.8,538,,121,Black,Black,7-SPEED A/T,All Wheel Drive
2016 Audi Q5 3.0 TDI Premium Plus quattro,Audi,White,56175,The Audi Exchange,(847) 739-9944,4.9,558,,102,Glacier White Metallic,Pistachio Beige,8-Speed Automatic,AWD
2018 Audi Q5 Premium Plus,Audi,Gray,53235,Audi Hoffman Estates,(847) 961-4989,4.9,1138,,100,Manhattan Gray Metallic,Black,Automatic,AWD
2018 Audi Q5 2.0T Premium Plus,Audi,Blue,52400,Audi Orland Park,(708) 390-0186,4.7,248,,131,Utopia Blue Metallic,Black,7-Speed Automatic S tronic,quattro
2018 Audi Q5 Prestige,Audi,Blue,58690,Audi Westmont,(877) 457-9706,4.8,354,,115,Moonlight Blue Metallic,Black,7-Speed Auto-Shift Manual w/OD,AWD
2018 Audi Q5 2.0T Premium Plus quattro,Audi,Silver,53150,Team Audi Volkswagen,(219) 810-6621,3.8,8,,156,Florett Silver Metallic,Rock Gray,7-Speed Automatic with Auto-Shift,AWD
2018 Audi Q5 2.0T Premium Plus quattro,Audi,White,49505,Team Audi Volkswagen,(219) 810-6621,3.8,8,,156,Ibis White,Black,7-Speed Automatic with Auto-Shift,AWD
2018 Audi Q5 2.0T Premium,Audi,Gray,54375,The Audi Exchange,(847) 739-9944,4.9,558,,102,Manhattan Gray Metallic,Black,7-Speed Automatic with Auto-Shift,AWD
2018 Audi Q5 2.0T Premium,Audi,White,53800,The Audi Exchange,(847) 739-9944,4.9,558,,102,Ibis White,Rock Gray,7-Speed Automatic with Auto-Shift,AWD
2018 Audi Q5 Premium Plus,Audi,Silver,54185,Audi Hoffman Estates,(847) 961-4989,4.9,1138,,100,Florett Silver Metallic,Black,Automatic,AWD
2018 Audi Q5 Premium Plus,Audi,Other,52575,Audi Hoffman Estates,(847) 961-4989,4.9,1138,,100,Moonlight_Blue,,7-Speed Auto-Shift Manual w/OD,AWD
2018 Audi Q5 Premium Plus,Audi,Blue,53525,Fletcher Jones Audi,(312) 635-7294,4.8,538,,121,Blue,BROWN,7-SPEED A/T,All Wheel Drive
2018 Audi Q5 2.0T Premium,Audi,White,52800,Bergstrom Imports on Victory Lane,(877) 245-2925,4.3,390,,97,Ibis White,Atlas Beige / Gray,7-Speed Automatic with Auto-Shift,AWD
2018 Audi Q5 Premium Plus,Audi,Blue,55180,Audi Westmont,(877) 457-9706,4.8,354,,115,Utopia Blue Metallic,Rock Gray,7-Speed Auto-Shift Manual w/OD,AWD
2018 Audi Q5 2.0T Premium,Audi,Black,52800,The Audi Exchange,(847) 739-9944,4.9,558,,102,Brilliant Black,Atlas Beige / Gray,7-Speed Automatic with Auto-Shift,AWD
2018 Audi Q5 2.0T Premium,Audi,Red,54225,The Audi Exchange,(847) 739-9944,4.9,558,,102,Matador Red Metallic,Black,7-Speed Automatic with Auto-Shift,AWD
2018 Audi Q5 2.0T Premium,Audi,Gray,51530,Continental Audi of Naperville,(888) 514-9110,4.8,470,,111,Manhattan Gray Metallic,Rock Gray,7-Speed Automatic with Auto-Shift,AWD
2018 Audi Q5 Premium Plus,Audi,Gray,54375,Audi Hoffman Estates,(847) 961-4989,4.9,1138,,100,Gray,,7-Speed Auto-Shift Manual w/OD,AWD
2018 Audi Q5 Prestige,Audi,Black,55325,Fletcher Jones Audi,(312) 635-7294,4.8,538,,121,Black,BEIGE,7-SPEED A/T,All Wheel Drive
2018 Audi Q5 2.0T Premium,Audi,Black,52800,The Audi Exchange,(847) 739-9944,4.9,558,,102,Brilliant Black,Atlas Beige / Gray,7-Speed Automatic with Auto-Shift,AWD
2018 Audi Q5 2.0T Premium,Audi,White,53800,Audi Morton Grove,(888) 510-2233,4.5,213,,109,Ibis White,Black,7-Speed Automatic with Auto-Shift,AWD
2018 Audi Q5 Premium Plus,Audi,Blue,54185,Fletcher Jones Audi,(312) 635-7294,4.8,538,,121,Blue,BROWN,7-SPEED A/T,All Wheel Drive
2018 Audi Q5 2.0T Premium,Audi,Black,52150,The Audi Exchange,(847) 739-9944,4.9,558,,102,Brilliant Black,Atlas Beige / Gray,7-Speed Automatic with Auto-Shift,AWD
2018 Audi Q5 2.0T Premium,Audi,White,52150,The Audi Exchange,(847) 739-9944,4.9,558,,102,Ibis White,Atlas Beige / Gray,7-Speed Automatic with Auto-Shift,AWD
2018 Audi Q5 2.0T Premium,Audi,Black,49460,Audi North Shore,(414) 375-4847,3.5,14,,75,Brilliant Black,Black,7-Speed Automatic with Auto-Shift,AWD
2018 Audi Q5 2.0T Premium,Audi,White,53800,Audi Morton Grove,(888) 510-2233,4.5,213,,109,Ibis White,Black,7-Speed Automatic with Auto-Shift,AWD
2018 Audi Q5 2.0T Premium,Audi,Black,54435,Audi Morton Grove,(888) 510-2233,4.5,213,,109,Mythos Black Metallic,Nougat Brown / Black,7-Speed Automatic with Auto-Shift,AWD
2018 Audi Q5 2.0T Premium,Audi,White,52150,Audi Morton Grove,(888) 510-2233,4.5,213,,109,Ibis White,Atlas Beige / Gray,7-Speed Automatic with Auto-Shift,AWD
2018 Audi Q5 2.0T Premium,Audi,Green,53880,Continental Audi of Naperville,(888) 514-9110,4.8,470,,111,Azores Green Metallic,Rock Gray,7-Speed Automatic with Auto-Shift,AWD
2018 Audi Q5 2.0T Premium,Audi,Black,53800,Audi Morton Grove,(888) 510-2233,4.5,213,,109,Brilliant Black,Atlas Beige / Gray,7-Speed Automatic with Auto-Shift,AWD
2018 Audi Q5 2.0T Premium,Audi,Gray,51730,Continental Audi of Naperville,(888) 514-9110,4.8,470,,111,Monsoon Gray Metallic,Black,7-Speed Automatic with Auto-Shift,AWD
2018 Audi Q5 2.0T Premium,Audi,Red,53235,Napleton Autowerks Loves Park,(815) 916-4212,4.9,339,,57,Matador Red Metallic,Black,7-Speed Automatic with Auto-Shift,AWD
2018 Audi Q5 Premium Plus,Audi,Blue,55180,Audi Westmont,(877) 457-9706,4.8,354,,115,Utopia Blue Metallic,Black,7-Speed Auto-Shift Manual w/OD,AWD
2018 Audi Q5 2.0T Premium,Audi,Black,52950,Audi Morton Grove,(888) 510-2233,4.5,213,,109,Brilliant Black,Atlas Beige / Gray,7-Speed Automatic with Auto-Shift,AWD
2018 Audi Q5 2.0T Premium,Audi,Gray,53350,Continental Audi of Naperville,(888) 514-9110,4.8,470,,111,Manhattan Gray Metallic,Rock Gray,7-Speed Automatic with Auto-Shift,AWD
2018 Audi Q5 2.0T Premium,Audi,Gray,54225,The Audi Exchange,(847) 739-9944,4.9,558,,102,Manhattan Gray Metallic,Black,7-Speed Automatic with Auto-Shift,AWD
2018 Audi Q5 Premium,Audi,White,45325,Fletcher Jones Audi,(312) 635-7294,4.8,538,,121,White,Black,7-SPEED A/T,All Wheel Drive
2018 Audi Q5 2.0T Premium,Audi,Black,52150,Audi Morton Grove,(888) 510-2233,4.5,213,,109,Brilliant Black,Atlas Beige / Gray,7-Speed Automatic with Auto-Shift,AWD
2018 Audi Q5 Prestige,Audi,Black,55325,Audi Hoffman Estates,(847) 961-4989,4.9,1138,,100,Mythos_Black,,Automatic,AWD
2018 Audi Q5 Premium,Audi,Gray,46875,Fletcher Jones Audi,(312) 635-7294,4.8,538,,121,Gray,Black,7-SPEED A/T,All Wheel Drive
2018 Audi Q5 2.0T Premium,Audi,Gray,52575,The Audi Exchange,(847) 739-9944,4.9,558,,102,Monsoon Gray Metallic,Black,7-Speed Automatic with Auto-Shift,AWD
2018 Audi Q5 2.0T Premium,Audi,White,53800,Audi Morton Grove,(888) 510-2233,4.5,213,,109,Ibis White,Black,7-Speed Automatic with Auto-Shift,AWD
2018 Audi Q5 2.0T Premium,Audi,White,52910,Audi Morton Grove,(888) 510-2233,4.5,213,,109,Ibis White,Black,7-Speed Automatic with Auto-Shift,AWD
2018 Audi Q5 Premium Plus,Audi,Black,52575,Fletcher Jones Audi,(312) 635-7294,4.8,538,,121,Black,Black,7-SPEED A/T,All Wheel Drive
2018 Audi Q5 2.0T Premium,Audi,Blue,50590,Audi North Shore,(414) 375-4847,3.5,14,,75,Navarra Blue Metallic,Black,7-Speed Automatic with Auto-Shift,AWD
2018 Audi Q5 2.0T Premium,Audi,Blue,54435,Audi North Shore,(414) 375-4847,3.5,14,,75,Moonlight Blue Metallic,Black,7-Speed Automatic with Auto-Shift,AWD
2018 Audi Q5 Prestige,Audi,Black,55125,Fletcher Jones Audi,(312) 635-7294,4.8,538,,121,Black,BEIGE,7-SPEED A/T,All Wheel Drive
2018 Audi Q5 Premium Plus,Audi,Black,53235,Audi Hoffman Estates,(847) 961-4989,4.9,1138,,100,Mythos Black Metallic,Nougat Brown,Automatic,AWD
2018 Audi Q5 2.0T Premium,Audi,Black,54435,Audi North Shore,(414) 375-4847,3.5,14,,75,Mythos Black Metallic,Nougat Brown / Black,7-Speed Automatic with Auto-Shift,AWD
2018 Audi Q5 Premium Plus,Audi,White,52000,Fletcher Jones Audi,(312) 635-7294,4.8,538,,121,White,Black,7-SPEED A/T,All Wheel Drive
2018 Audi Q5 2.0T Prestige,Audi,Other,55600,Audi Orland Park,(708) 390-0186,4.7,248,,131,,,7-Speed Automatic S tronic,quattro
2018 Audi Q5 Premium Plus,Audi,Black,51340,Audi Westmont,(877) 457-9706,4.8,354,,115,Mythos Black Metallic,Black,7-Speed Auto-Shift Manual w/OD,AWD
2018 Audi Q5 2.0T Premium,Audi,Silver,54375,Audi Morton Grove,(888) 510-2233,4.5,213,,109,Florett Silver Metallic,Black,7-Speed Automatic with Auto-Shift,AWD
2018 Audi Q5 2.0T Premium,Audi,Silver,54375,The Audi Exchange,(847) 739-9944,4.9,558,,102,Florett Silver Metallic,Black,7-Speed Automatic with Auto-Shift,AWD
2018 Audi Q5 Premium Plus,Audi,Blue,50940,Audi Westmont,(877) 457-9706,4.8,354,,115,Moonlight Blue Metallic,Rock Gray,7-Speed Auto-Shift Manual w/OD,AWD
2018 Audi Q5 2.0T Premium,Audi,White,46800,The Audi Exchange,(847) 739-9944,4.9,558,,102,Ibis White,Atlas Beige / Gray,7-Speed Automatic with Auto-Shift,AWD
2018 Audi Q5 Premium Plus,Audi,Gray,53125,Fletcher Jones Audi,(312) 635-7294,4.8,538,,121,Gray,BROWN,7-SPEED A/T,All Wheel Drive
2018 Audi Q5 Premium Plus,Audi,Gray,52755,Audi Westmont,(877) 457-9706,4.8,354,,115,Monsoon Gray Metallic,Atlas Beige,7-Speed Auto-Shift Manual w/OD,AWD
2018 Audi Q5 Premium,Audi,Black,46800,Fletcher Jones Audi,(312) 635-7294,4.8,538,,121,Black,Black,7-SPEED A/T,All Wheel Drive
2018 Audi Q5 2.0T Premium,Audi,White,49250,The Audi Exchange,(847) 739-9944,4.9,558,,102,Ibis White,Black,7-Speed Automatic with Auto-Shift,AWD
2018 Audi Q5 Prestige,Audi,Black,53525,Audi Hoffman Estates,(847) 961-4989,4.9,1138,,100,Mythos_Black,,Automatic,AWD
2018 Audi Q5 Premium Plus,Audi,Blue,53375,Fletcher Jones Audi,(312) 635-7294,4.8,538,,121,Blue,BROWN,7-SPEED A/T,All Wheel Drive
2018 Audi Q5 2.0T Premium,Audi,Black,53525,The Audi Exchange,(847) 739-9944,4.9,558,,102,Mythos Black Metallic,Black,7-Speed Automatic with Auto-Shift,AWD
2018 Audi Q5 2.0T Premium,Audi,White,52950,Audi Morton Grove,(888) 510-2233,4.5,213,,109,Ibis White,Atlas Beige / Gray,7-Speed Automatic with Auto-Shift,AWD
2018 Audi Q5 2.0T Premium,Audi,Black,52950,The Audi Exchange,(847) 739-9944,4.9,558,,102,Brilliant Black,Atlas Beige / Gray,7-Speed Automatic with Auto-Shift,AWD
2018 Audi Q5 Premium,Audi,White,46120,Fletcher Jones Audi,(312) 635-7294,4.8,538,,121,White,BROWN,7-SPEED A/T,All Wheel Drive
2018 Audi Q5 2.0T Premium,Audi,Black,51050,The Audi Exchange,(847) 739-9944,4.9,558,,102,Brilliant Black,Atlas Beige / Gray,7-Speed Automatic with Auto-Shift,AWD
2018 Audi Q5 2.0T Premium,Audi,Black,52150,The Audi Exchange,(847) 739-9944,4.9,558,,102,Brilliant Black,Rock Gray,7-Speed Automatic with Auto-Shift,AWD
2018 Audi Q5 Premium Plus,Audi,Gray,52575,Fletcher Jones Audi,(312) 635-7294,4.8,538,,121,Gray,Black,7-SPEED A/T,All Wheel Drive
2018 Audi Q5 Premium Plus,Audi,Gray,54225,Fletcher Jones Audi,(312) 635-7294,4.8,538,,121,Gray,Black,7-SPEED A/T,All Wheel Drive
2018 Audi Q5 2.0T Premium,Audi,White,53000,Bergstrom Imports on Victory Lane,(877) 245-2925,4.3,390,,97,Ibis White,Atlas Beige / Gray,7-Speed Automatic with Auto-Shift,AWD
2018 Audi Q5 Premium Plus,Audi,Blue,53375,Fletcher Jones Audi,(312) 635-7294,4.8,538,,121,Blue,BROWN,7-SPEED A/T,All Wheel Drive
2018 Audi Q5 2.0T Premium,Audi,Black,52725,The Audi Exchange,(847) 739-9944,4.9,558,,102,Mythos Black Metallic,Black,7-Speed Automatic with Auto-Shift,AWD
2018 Audi Q5 2.0T Premium,Audi,Silver,56175,The Audi Exchange,(847) 739-9944,4.9,558,,102,Florett Silver Metallic,Black,7-Speed Automatic with Auto-Shift,AWD
2018 Audi Q5 2.0T Premium,Audi,Gray,54375,Audi Morton Grove,(888) 510-2233,4.5,213,,109,Monsoon Gray Metallic,Black,7-Speed Automatic with Auto-Shift,AWD
2018 Audi Q5 Premium Plus,Audi,White,48665,Audi Westmont,(877) 457-9706,4.8,354,,115,Ibis White,Atlas Beige,7-Speed Auto-Shift Manual w/OD,AWD
2018 Audi Q5 2.0T Premium,Audi,Blue,53745,Audi North Shore,(414) 375-4847,3.5,14,,75,Moonlight Blue Metallic,Rock Gray,7-Speed Automatic with Auto-Shift,AWD
2018 Audi Q5 2.0T Premium,Audi,Black,52150,The Audi Exchange,(847) 739-9944,4.9,558,,102,Brilliant Black,Atlas Beige / Gray,7-Speed Automatic with Auto-Shift,AWD
2018 Audi Q5 2.0T Premium Plus,Audi,Blue,53485,Audi Orland Park,(708) 390-0186,4.7,248,,131,Moonlight Blue Metallic,Rock Gray,7-Speed Automatic S tronic,quattro
2018 Audi Q5 2.0T Premium,Audi,Gray,55325,The Audi Exchange,(847) 739-9944,4.9,558,,102,Manhattan Gray Metallic,Black,7-Speed Automatic with Auto-Shift,AWD
2018 Audi Q5 2.0T Premium Plus quattro,Audi,Black,52725,Team Audi Volkswagen,(219) 810-6621,3.8,8,,156,Mythos Black Metallic,Black,7-Speed Automatic with Auto-Shift,AWD
2018 Audi Q5 2.0T Premium,Audi,White,52150,Audi Morton Grove,(888) 510-2233,4.5,213,,109,Ibis White,Atlas Beige / Gray,7-Speed Automatic with Auto-Shift,AWD
2018 Audi Q5 2.0T Premium,Audi,Gray,56175,The Audi Exchange,(847) 739-9944,4.9,558,,102,Monsoon Gray Metallic,Black,7-Speed Automatic with Auto-Shift,AWD
2018 Audi Q5 Premium Plus,Audi,Black,54185,Fletcher Jones Audi,(312) 635-7294,4.8,538,,121,Black,BROWN,7-SPEED A/T,All Wheel Drive
2018 Audi Q5 2.0T Premium Plus,Audi,Gray,54340,Audi Orland Park,(708) 390-0186,4.7,248,,131,Monsoon Gray Metallic,Black,7-Speed Automatic S tronic,quattro
2018 Audi Q5 2.0T Premium,Audi,Blue,52830,Bergstrom Imports on Victory Lane,(877) 245-2925,4.3,390,,97,Utopia Blue Metallic,Black,7-Speed Automatic with Auto-Shift,AWD
2018 Audi Q5 Premium Plus,Audi,White,53055,Audi Westmont,(877) 457-9706,4.8,354,,115,Ibis White,Black,7-Speed Auto-Shift Manual w/OD,AWD
2018 Audi Q5 2.0T Premium Plus quattro,Audi,Black,51155,Team Audi Volkswagen,(219) 810-6621,3.8,8,,156,Brilliant Black,Black,7-Speed Automatic with Auto-Shift,AWD
2018 Audi Q5 2.0T Premium,Audi,White,52660,Bergstrom Imports on Victory Lane,(877) 245-2925,4.3,390,,97,Ibis White,Nougat Brown / Black,7-Speed Automatic with Auto-Shift,AWD
2018 Audi Q5 Premium Plus,Audi,Black,48965,Audi Westmont,(877) 457-9706,4.8,354,,115,Brilliant Black,Black,7-Speed Auto-Shift Manual w/OD,AWD
2018 Audi Q5 Premium Plus,Audi,Red,48630,Audi Westmont,(877) 457-9706,4.8,354,,115,Matador Red Metallic,Nougat Brown,7-Speed Auto-Shift Manual w/OD,AWD
2018 Audi Q5 2.0T Premium,Audi,Black,54435,The Audi Exchange,(847) 739-9944,4.9,558,,102,Mythos Black Metallic,Black,7-Speed Automatic with Auto-Shift,AWD
2018 Audi Q5 2.0T Premium,Audi,Black,57925,The Audi Exchange,(847) 739-9944,4.9,558,,102,Mythos Black Metallic,Black,7-Speed Automatic with Auto-Shift,AWD
2018 Audi Q5 2.0T Premium,Audi,Red,53635,Audi North Shore,(414) 375-4847,3.5,14,,75,Matador Red Metallic,Black,7-Speed Automatic with Auto-Shift,AWD
2018 Audi Q5 2.0T Premium,Audi,Gray,52725,Audi Morton Grove,(888) 510-2233,4.5,213,,109,Monsoon Gray Metallic,Black,7-Speed Automatic with Auto-Shift,AWD
2018 Audi Q5 Premium Plus,Audi,Black,53235,Audi Hoffman Estates,(847) 961-4989,4.9,1138,,100,Mythos Black Metallic,Nougat Brown,Automatic,AWD
2018 Audi Q5 2.0T Premium,Audi,Silver,54375,The Audi Exchange,(847) 739-9944,4.9,558,,102,Florett Silver Metallic,Black,7-Speed Automatic with Auto-Shift,AWD
2018 Audi Q5 2.0T Premium,Audi,Black,54435,The Audi Exchange,(847) 739-9944,4.9,558,,102,Mythos Black Metallic,Black,7-Speed Automatic with Auto-Shift,AWD
2018 Audi Q5 Premium Plus,Audi,White,53610,Fletcher Jones Audi,(312) 635-7294,4.8,538,,121,White,Black,7-SPEED A/T,All Wheel Drive
2018 Audi Q5 Premium,Audi,Black,46800,Fletcher Jones Audi,(312) 635-7294,4.8,538,,121,Black,Black,7-SPEED A/T,All Wheel Drive
2018 Audi Q5 Premium Plus,Audi,White,53610,Fletcher Jones Audi,(312) 635-7294,4.8,538,,121,White,BROWN,7-SPEED A/T,All Wheel Drive
2018 Audi Q5 2.0T Prestige quattro,Audi,Gray,57145,Audi North Shore,(414) 375-4847,3.5,14,,75,Manhattan Gray Metallic,Nougat Brown / Black,7-Speed Automatic with Auto-Shift,AWD
2018 Audi Q5 2.0T Premium,Audi,Black,54750,The Audi Exchange,(847) 739-9944,4.9,558,,102,Brilliant Black,Atlas Beige / Gray,7-Speed Automatic with Auto-Shift,AWD
2018 Audi Q5 2.0T Premium,Audi,Blue,54375,Audi Morton Grove,(888) 510-2233,4.5,213,,109,Moonlight Blue Metallic,Nougat Brown / Black,7-Speed Automatic with Auto-Shift,AWD
2018 Audi Q5 2.0T Premium,Audi,Gray,55325,The Audi Exchange,(847) 739-9944,4.9,558,,102,Manhattan Gray Metallic,Black,7-Speed Automatic with Auto-Shift,AWD
2018 Audi Q5 2.0T Premium,Audi,Silver,54375,The Audi Exchange,(847) 739-9944,4.9,558,,102,Florett Silver Metallic,Black,7-Speed Automatic with Auto-Shift,AWD
2018 Audi Q5 2.0T Premium,Audi,Blue,53480,Continental Audi of Naperville,(888) 514-9110,4.8,470,,111,Moonlight Blue Metallic,Rock Gray,7-Speed Automatic with Auto-Shift,AWD
2018 Audi Q5 2.0T Premium,Audi,White,53800,Audi Morton Grove,(888) 510-2233,4.5,213,,109,Ibis White,Black,7-Speed Automatic with Auto-Shift,AWD
2018 Audi Q5 2.0T Premium,Audi,White,50000,The Audi Exchange,(847) 739-9944,4.9,558,,102,Ibis White,Nougat Brown / Black,7-Speed Automatic with Auto-Shift,AWD
2018 Audi Q5 2.0T Premium,Audi,Gray,55975,Audi Morton Grove,(888) 510-2233,4.5,213,,109,Manhattan Gray Metallic,Black,7-Speed Automatic with Auto-Shift,AWD
2018 Audi Q5 2.0T Premium,Audi,Gray,54375,Audi Morton Grove,(888) 510-2233,4.5,213,,109,Monsoon Gray Metallic,Black,7-Speed Automatic with Auto-Shift,AWD
2018 Audi Q5 Premium Plus,Audi,Other,53485,Audi Orland Park,(708) 390-0186,4.7,248,,131,,,7-Speed Automatic S tronic,quattro
2018 Audi Q5 2.0T Premium,Audi,Gray,51730,Continental Audi of Naperville,(888) 514-9110,4.8,470,,111,Monsoon Gray Metallic,Black,7-Speed Automatic with Auto-Shift,AWD
2018 Audi Q5 2.0T Premium,Audi,Green,53375,Bergstrom Imports on Victory Lane,(877) 245-2925,4.3,390,,97,Azores Green Metallic,Atlas Beige / Gray,7-Speed Automatic with Auto-Shift,AWD
2018 Audi Q5 2.0T Premium,Audi,White,53000,Bergstrom Imports on Victory Lane,(877) 245-2925,4.3,390,,97,Ibis White,Atlas Beige / Gray,7-Speed Automatic with Auto-Shift,AWD
2018 Audi Q5 2.0T Premium,Audi,Silver,53375,The Audi Exchange,(847) 739-9944,4.9,558,,102,Florett Silver Metallic,Black,7-Speed Automatic with Auto-Shift,AWD
2018 Audi Q5 2.0T Prestige quattro,Audi,White,56570,Audi North Shore,(414) 375-4847,3.5,14,,75,Ibis White,Nougat Brown / Black,7-Speed Automatic with Auto-Shift,AWD
2018 Audi Q5 Premium Plus,Audi,Green,53375,Fletcher Jones Audi,(312) 635-7294,4.8,538,,121,Green,BROWN,7-SPEED A/T,All Wheel Drive
2018 Audi Q5 2.0T Premium Plus,Audi,Gray,54375,Audi Orland Park,(708) 390-0186,4.7,248,,131,Monsoon Gray Metallic,Black,7-Speed Automatic S tronic,quattro
2018 Audi Q5 2.0T Premium,Audi,Gray,54375,Audi Morton Grove,(888) 510-2233,4.5,213,,109,Monsoon Gray Metallic,Black,7-Speed Automatic with Auto-Shift,AWD
2018 Audi Q5 2.0T Premium,Audi,Blue,56525,The Audi Exchange,(847) 739-9944,4.9,558,,102,Moonlight Blue Metallic,Nougat Brown / Black,7-Speed Automatic with Auto-Shift,AWD
2018 Audi Q5 Premium Plus,Audi,Blue,54185,Fletcher Jones Audi,(312) 635-7294,4.8,538,,121,Blue,BROWN,7-SPEED A/T,All Wheel Drive
2018 Audi Q5 2.0T Premium,Audi,Black,53800,The Audi Exchange,(847) 739-9944,4.9,558,,102,Brilliant Black,Atlas Beige / Gray,7-Speed Automatic with Auto-Shift,AWD
2018 Audi Q5 2.0T Premium,Audi,Blue,50930,Continental Audi of Naperville,(888) 514-9110,4.8,470,,111,Utopia Blue Metallic,Atlas Beige / Gray,7-Speed Automatic with Auto-Shift,AWD
2018 Audi Q5 Premium Plus,Audi,White,53800,Fletcher Jones Audi,(312) 635-7294,4.8,538,,121,White,Black,7-SPEED A/T,All Wheel Drive
2018 Audi Q5 Premium Plus,Audi,Other,52575,Audi Hoffman Estates,(847) 961-4989,4.9,1138,,100,Moonlight_Blue,,7-Speed Auto-Shift Manual w/OD,AWD
2018 Audi Q5 2.0T Premium,Audi,White,52150,Audi Morton Grove,(888) 510-2233,4.5,213,,109,Ibis White,Atlas Beige / Gray,7-Speed Automatic with Auto-Shift,AWD
2018 Audi Q5 Premium Plus,Audi,Gray,52755,Audi Westmont,(877) 457-9706,4.8,354,,115,Monsoon Gray Metallic,Atlas Beige,7-Speed Auto-Shift Manual w/OD,AWD
2018 Audi Q5 2.0T Premium,Audi,Blue,51325,Carousel Motors,(319) 800-6780,4.8,147,,145,Utopia Blue Metallic,Rock Gray,7-Speed Automatic with Auto-Shift,AWD
2018 Audi Q5 Premium Plus,Audi,Black,53235,Audi Hoffman Estates,(847) 961-4989,4.9,1138,,100,Mythos Black Metallic,Black,Automatic,AWD
2018 Audi Q5 2.0T Premium Plus,Audi,Blue,52400,Audi Orland Park,(708) 390-0186,4.7,248,,131,Utopia Blue Metallic,Black,7-Speed Automatic S tronic,quattro
2018 Audi Q5 Premium Plus,Audi,Red,53235,Audi Hoffman Estates,(847) 961-4989,4.9,1138,,100,Matador Red Metallic,Black,Automatic,AWD
2018 Audi Q5 2.0T Premium,Audi,Gray,54225,The Audi Exchange,(847) 739-9944,4.9,558,,102,Manhattan Gray Metallic,Black,7-Speed Automatic with Auto-Shift,AWD
2018 Audi Q5 2.0T Premium,Audi,Gray,55075,The Audi Exchange,(847) 739-9944,4.9,558,,102,Monsoon Gray Metallic,Black,7-Speed Automatic with Auto-Shift,AWD
2018 Audi Q5 2.0T Premium,Audi,Black,52150,The Audi Exchange,(847) 739-9944,4.9,558,,102,Brilliant Black,Atlas Beige / Gray,7-Speed Automatic with Auto-Shift,AWD
2018 Audi Q5 2.0T Premium,Audi,Silver,54375,Audi Morton Grove,(888) 510-2233,4.5,213,,109,Florett Silver Metallic,Black,7-Speed Automatic with Auto-Shift,AWD
2018 Audi Q5 2.0T Premium,Audi,Black,52950,The Audi Exchange,(847) 739-9944,4.9,558,,102,Brilliant Black,Atlas Beige / Gray,7-Speed Automatic with Auto-Shift,AWD
2016 Audi Q5 Premium Plus,Audi,White,54025,Fletcher Jones Audi,(312) 635-7294,4.8,538,,121,Glacier White,BLACK INT,Automatic,All Wheel Drive
2018 Audi Q5 2.0T Premium Plus,Audi,Blue,53485,Audi Orland Park,(708) 390-0186,4.7,248,,131,Moonlight Blue Metallic,Rock Gray,7-Speed Automatic S tronic,quattro
2018 Audi Q5 2.0T Premium,Audi,Black,52000,The Audi Exchange,(847) 739-9944,4.9,558,,102,Brilliant Black,Atlas Beige / Gray,7-Speed Automatic with Auto-Shift,AWD
2018 Audi Q5 2.0T Prestige quattro,Audi,Gray,57145,Audi North Shore,(414) 375-4847,3.5,14,,75,Manhattan Gray Metallic,Black,7-Speed Automatic with Auto-Shift,AWD
2018 Audi Q5 2.0T Premium,Audi,Black,54375,Audi Morton Grove,(888) 510-2233,4.5,213,,109,Mythos Black Metallic,Black,7-Speed Automatic with Auto-Shift,AWD
2018 Audi Q5 2.0T Premium,Audi,White,52910,Audi Morton Grove,(888) 510-2233,4.5,213,,109,Ibis White,Black,7-Speed Automatic with Auto-Shift,AWD
2018 Audi Q5 2.0T Premium,Audi,White,54425,The Audi Exchange,(847) 739-9944,4.9,558,,102,Ibis White,Nougat Brown / Black,7-Speed Automatic with Auto-Shift,AWD
2018 Audi Q5 2.0T Prestige quattro,Audi,White,56305,Continental Audi of Naperville,(888) 514-9110,4.8,470,,111,Ibis White,Black,7-Speed Automatic with Auto-Shift,AWD
2018 Audi Q5 Premium Plus,Audi,Black,53235,Fletcher Jones Audi,(312) 635-7294,4.8,538,,121,Black,BROWN,7-SPEED A/T,All Wheel Drive
2018 Audi Q5 2.0T Premium,Audi,Blue,55325,The Audi Exchange,(847) 739-9944,4.9,558,,102,Moonlight Blue Metallic,Black,7-Speed Automatic with Auto-Shift,AWD
2018 Audi Q5 Prestige,Audi,Black,55125,Fletcher Jones Audi,(312) 635-7294,4.8,538,,121,Black,BEIGE,7-SPEED A/T,All Wheel Drive
2018 Audi Q5 Premium Plus,Audi,Gray,49480,Audi Westmont,(877) 457-9706,4.8,354,,115,Monsoon Gray Metallic,Rock Gray,7-Speed Auto-Shift Manual w/OD,AWD
2018 Audi Q5 Premium Plus,Audi,Black,52575,Fletcher Jones Audi,(312) 635-7294,4.8,538,,121,Black,Black,7-SPEED A/T,All Wheel Drive
2018 Audi Q5 2.0T Premium,Audi,Silver,53525,The Audi Exchange,(847) 739-9944,4.9,558,,102,Florett Silver Metallic,Black,7-Speed Automatic with Auto-Shift,AWD
2018 Audi Q5 Premium Plus,Audi,Red,54435,Audi Westmont,(877) 457-9706,4.8,354,,115,Matador Red Metallic,Black,7-Speed Auto-Shift Manual w/OD,AWD
2018 Audi Q5 2.0T Premium,Audi,Gray,53375,The Audi Exchange,(847) 739-9944,4.9,558,,102,Monsoon Gray Metallic,Black,7-Speed Automatic with Auto-Shift,AWD
2018 Audi Q5 2.0T Premium,Audi,White,53100,The Audi Exchange,(847) 739-9944,4.9,558,,102,Ibis White,Atlas Beige / Gray,7-Speed Automatic with Auto-Shift,AWD
2018 Audi Q5 2.0T Premium,Audi,Black,52950,Audi Morton Grove,(888) 510-2233,4.5,213,,109,Brilliant Black,Atlas Beige / Gray,7-Speed Automatic with Auto-Shift,AWD
2018 Audi Q5 2.0T Premium,Audi,White,52000,The Audi Exchange,(847) 739-9944,4.9,558,,102,Ibis White,Atlas Beige / Gray,7-Speed Automatic with Auto-Shift,AWD
2018 Audi Q5 2.0T Premium,Audi,Silver,55975,The Audi Exchange,(847) 739-9944,4.9,558,,102,Florett Silver Metallic,Black,7-Speed Automatic with Auto-Shift,AWD
2018 Audi Q5 2.0T Premium,Audi,Green,55325,The Audi Exchange,(847) 739-9944,4.9,558,,102,Azores Green Metallic,Nougat Brown / Black,7-Speed Automatic with Auto-Shift,AWD
2018 Audi Q5 Premium Plus,Audi,Red,53485,Audi Westmont,(877) 457-9706,4.8,354,,115,Matador Red Metallic,Black,7-Speed Auto-Shift Manual w/OD,AWD
2018 Audi Q5 Premium Plus,Audi,Gray,53235,Fletcher Jones Audi,(312) 635-7294,4.8,538,,121,Gray,Black,7-SPEED A/T,All Wheel Drive
2018 Audi Q5 2.0T Premium,Audi,Silver,54375,The Audi Exchange,(847) 739-9944,4.9,558,,102,Florett Silver Metallic,Black,7-Speed Automatic with Auto-Shift,AWD
2018 Audi Q5 Premium Plus,Audi,Black,54185,Fletcher Jones Audi,(312) 635-7294,4.8,538,,121,Black,BROWN,7-SPEED A/T,All Wheel Drive
2018 Audi Q5 2.0T Premium,Audi,White,56100,The Audi Exchange,(847) 739-9944,4.9,558,,102,Ibis White,Nougat Brown / Black,7-Speed Automatic with Auto-Shift,AWD
2018 Audi Q5 Premium Plus,Audi,Silver,54185,Audi Hoffman Estates,(847) 961-4989,4.9,1138,,100,Florett Silver Metallic,Black,Automatic,AWD
2018 Audi Q5 2.0T Premium,Audi,Gray,55975,The Audi Exchange,(847) 739-9944,4.9,558,,102,Manhattan Gray Metallic,Black,7-Speed Automatic with Auto-Shift,AWD
2018 Audi Q5 2.0T Premium,Audi,Gray,52575,The Audi Exchange,(847) 739-9944,4.9,558,,102,Monsoon Gray Metallic,Black,7-Speed Automatic with Auto-Shift,AWD
2018 Audi Q5 2.0T Premium,Audi,Black,53800,Audi Morton Grove,(888) 510-2233,4.5,213,,109,Brilliant Black,Atlas Beige / Gray,7-Speed Automatic with Auto-Shift,AWD
2018 Audi Q5 2.0T Premium,Audi,Blue,53525,Audi Morton Grove,(888) 510-2233,4.5,213,,109,Moonlight Blue Metallic,Nougat Brown / Black,7-Speed Automatic with Auto-Shift,AWD
2018 Audi Q5 Premium Plus,Audi,Green,53375,Fletcher Jones Audi,(312) 635-7294,4.8,538,,121,Green,BROWN,7-SPEED A/T,All Wheel Drive
2018 Audi Q5 2.0T Premium,Audi,Black,48450,The Audi Exchange,(847) 739-9944,4.9,558,,102,Brilliant Black,Atlas Beige / Gray,7-Speed Automatic with Auto-Shift,AWD
2018 Audi Q5 Premium Plus,Audi,Black,52800,Fletcher Jones Audi,(312) 635-7294,4.8,538,,121,Black,BEIGE,7-SPEED A/T,All Wheel Drive
2018 Audi Q5 2.0T Premium,Audi,White,52050,The Audi Exchange,(847) 739-9944,4.9,558,,102,Ibis White,Atlas Beige / Gray,7-Speed Automatic with Auto-Shift,AWD
2018 Audi Q5 2.0T Premium,Audi,Blue,54435,The Audi Exchange,(847) 739-9944,4.9,558,,102,Moonlight Blue Metallic,Black,7-Speed Automatic with Auto-Shift,AWD
2018 Audi Q5 Premium Plus,Audi,Other,52575,Audi Orland Park,(708) 390-0186,4.7,248,,131,,,7-Speed Automatic S tronic,quattro
2018 Audi Q5 2.0T Premium,Audi,White,52800,The Audi Exchange,(847) 739-9944,4.9,558,,102,Ibis White,Black,7-Speed Automatic with Auto-Shift,AWD
2018 Audi Q5 2.0T Premium,Audi,Red,53235,Napleton Autowerks Loves Park,(815) 916-4212,4.9,339,,57,Matador Red Metallic,Black,7-Speed Automatic with Auto-Shift,AWD
2016 Audi Q5 3.0 TDI Premium Plus quattro,Audi,White,53830,Audi Morton Grove,(888) 510-2233,4.5,213,,109,Glacier White Metallic,Black,8-Speed Automatic,AWD
2018 Audi Q5 2.0T Premium,Audi,Black,55675,The Audi Exchange,(847) 739-9944,4.9,558,,102,Mythos Black Metallic,Black,7-Speed Automatic with Auto-Shift,AWD
2018 Audi Q5 2.0T Premium,Audi,Silver,54375,Audi Morton Grove,(888) 510-2233,4.5,213,,109,Florett Silver Metallic,Black,7-Speed Automatic with Auto-Shift,AWD
2018 Audi Q5 2.0T Premium,Audi,Gray,54375,The Audi Exchange,(847) 739-9944,4.9,558,,102,Monsoon Gray Metallic,Black,7-Speed Automatic with Auto-Shift,AWD
2018 Audi Q5 2.0T Premium,Audi,White,49475,Carousel Motors,(319) 800-6780,4.8,147,,145,Ibis White,Black,Automatic with Tiptronic,AWD
2018 Audi Q5 2.0T Premium,Audi,Gray,49775,The Audi Exchange,(847) 739-9944,4.9,558,,102,Manhattan Gray Metallic,Black,7-Speed Automatic with Auto-Shift,AWD
2018 Audi Q5 2.0T Premium,Audi,Gray,53350,Continental Audi of Naperville,(888) 514-9110,4.8,470,,111,Manhattan Gray Metallic,Rock Gray,7-Speed Automatic with Auto-Shift,AWD
2018 Audi Q5 2.0T Premium,Audi,White,53100,The Audi Exchange,(847) 739-9944,4.9,558,,102,Ibis White,Black,7-Speed Automatic with Auto-Shift,AWD
2018 Audi Q5 2.0T Premium,Audi,White,52000,The Audi Exchange,(847) 739-9944,4.9,558,,102,Ibis White,Rock Gray,7-Speed Automatic with Auto-Shift,AWD
2018 Audi Q5 Premium Plus,Audi,White,52660,Fletcher Jones Audi,(312) 635-7294,4.8,538,,121,White,Black,7-SPEED A/T,All Wheel Drive
2018 Audi Q5 Premium Plus,Audi,Gray,54225,Fletcher Jones Audi,(312) 635-7294,4.8,538,,121,Gray,Black,7-SPEED A/T,All Wheel Drive
2018 Audi Q5 2.0T Premium,Audi,Blue,54375,Audi Morton Grove,(888) 510-2233,4.5,213,,109,Moonlight Blue Metallic,Nougat Brown / Black,7-Speed Automatic with Auto-Shift,AWD
2018 Audi Q5 2.0T Prestige,Audi,Other,57735,Audi Orland Park,(708) 390-0186,4.7,248,,131,,,7-Speed Automatic S tronic,quattro
2018 Audi Q5 2.0T Premium,Audi,Black,54435,Audi North Shore,(414) 375-4847,3.5,14,,75,Mythos Black Metallic,Nougat Brown / Black,7-Speed Automatic with Auto-Shift,AWD
2018 Audi Q5 2.0T Premium,Audi,White,52800,Bergstrom Imports on Victory Lane,(877) 245-2925,4.3,390,,97,Ibis White,Atlas Beige / Gray,7-Speed Automatic with Auto-Shift,AWD
2018 Audi Q5 2.0T Premium,Audi,Black,52800,The Audi Exchange,(847) 739-9944,4.9,558,,102,Brilliant Black,Atlas Beige / Gray,7-Speed Automatic with Auto-Shift,AWD
2018 Audi Q5 2.0T Premium,Audi,Blue,53150,Continental Audi of Naperville,(888) 514-9110,4.8,470,,111,Navarra Blue Metallic,Rock Gray,7-Speed Automatic with Auto-Shift,AWD
2018 Audi Q5 2.0T Premium,Audi,Gray,44500,The Audi Exchange,(847) 739-9944,4.9,558,,102,Manhattan Gray Metallic,Black,7-Speed Automatic with Auto-Shift,AWD
2018 Audi Q5 2.0T Premium,Audi,Black,54435,Audi Morton Grove,(888) 510-2233,4.5,213,,109,Mythos Black Metallic,Nougat Brown / Black,7-Speed Automatic with Auto-Shift,AWD
2018 Audi Q5 2.0T Premium,Audi,Silver,54375,The Audi Exchange,(847) 739-9944,4.9,558,,102,Florett Silver Metallic,Black,7-Speed Automatic with Auto-Shift,AWD
2018 Audi Q5 2.0T Premium,Audi,Blue,53745,Audi North Shore,(414) 375-4847,3.5,14,,75,Moonlight Blue Metallic,Rock Gray,7-Speed Automatic with Auto-Shift,AWD
2018 Audi Q5 2.0T Premium,Audi,Gray,51530,Continental Audi of Naperville,(888) 514-9110,4.8,470,,111,Manhattan Gray Metallic,Rock Gray,7-Speed Automatic with Auto-Shift,AWD
2018 Audi Q5 Premium Plus,Audi,Black,52575,Fletcher Jones Audi,(312) 635-7294,4.8,538,,121,Black,Black,7-SPEED A/T,All Wheel Drive
2018 Audi Q5 Premium Plus,Audi,Black,52575,Fletcher Jones Audi,(312) 635-7294,4.8,538,,121,Black,Black,7-SPEED A/T,All Wheel Drive
2018 Audi Q5 2.0T Premium Plus,Audi,Black,54275,Audi Orland Park,(708) 390-0186,4.7,248,,131,Mythos Black Metallic,Black,7-Speed Automatic S tronic,quattro
2018 Audi Q5 2.0T Premium,Audi,White,52150,Audi Morton Grove,(888) 510-2233,4.5,213,,109,Ibis White,Atlas Beige / Gray,7-Speed Automatic with Auto-Shift,AWD
2018 Audi Q5 2.0T Prestige quattro,Audi,Black,55695,Audi North Shore,(414) 375-4847,3.5,14,,75,Mythos Black Metallic,Nougat Brown / Black,7-Speed Automatic with Auto-Shift,AWD
2018 Audi Q5 2.0T Premium,Audi,White,52150,The Audi Exchange,(847) 739-9944,4.9,558,,102,Ibis White,Nougat Brown / Black,7-Speed Automatic with Auto-Shift,AWD
2016 Audi Q5 3.0T Premium Plus quattro,Audi,Black,46593,International Autos,(414) 203-5342,3.8,56,,71,Mythos Black Metallic,Black,8-Speed Automatic,AWD
2018 Audi Q5 2.0T Premium,Audi,Red,54435,Audi Morton Grove,(888) 510-2233,4.5,213,,109,Matador Red Metallic,Black,7-Speed Automatic with Auto-Shift,AWD
2018 Audi Q5 Premium Plus,Audi,Red,54185,Fletcher Jones Audi,(312) 635-7294,4.8,538,,121,Red,Black,7-SPEED A/T,All Wheel Drive
2018 Audi Q5 Premium Plus,Audi,Black,52950,Fletcher Jones Audi,(312) 635-7294,4.8,538,,121,Black,BEIGE,7-SPEED A/T,All Wheel Drive
2018 Audi Q5 2.0T Premium,Audi,White,53800,The Audi Exchange,(847) 739-9944,4.9,558,,102,Ibis White,Black,7-Speed Automatic with Auto-Shift,AWD
2018 Audi Q5 2.0T Premium,Audi,White,50365,Carousel Motors,(319) 800-6780,4.8,147,,145,Ibis White,Black,7-Speed Automatic with Auto-Shift,AWD
2018 Audi Q5 2.0T Prestige,Audi,Other,55600,Audi Orland Park,(708) 390-0186,4.7,248,,131,,,7-Speed Automatic S tronic,quattro
2018 Audi Q5 2.0T Premium,Audi,Blue,53125,The Audi Exchange,(847) 739-9944,4.9,558,,102,Moonlight Blue Metallic,Atlas Beige / Gray,7-Speed Automatic with Auto-Shift,AWD
2018 Audi Q5 2.0T Premium,Audi,Gray,52575,The Audi Exchange,(847) 739-9944,4.9,558,,102,Monsoon Gray Metallic,Nougat Brown / Black,7-Speed Automatic with Auto-Shift,AWD
2018 Audi Q5 Premium Plus,Audi,White,52000,Fletcher Jones Audi,(312) 635-7294,4.8,538,,121,White,Black,7-SPEED A/T,All Wheel Drive
2018 Audi Q5 2.0T Premium,Audi,White,52660,Bergstrom Imports on Victory Lane,(877) 245-2925,4.3,390,,97,Ibis White,Nougat Brown / Black,7-Speed Automatic with Auto-Shift,AWD
2018 Audi Q5 Premium Plus,Audi,White,52550,Fletcher Jones Audi,(312) 635-7294,4.8,538,,121,White,BEIGE,7-SPEED A/T,All Wheel Drive
2018 Audi Q5 2.0T Premium,Audi,Blue,53525,The Audi Exchange,(847) 739-9944,4.9,558,,102,Moonlight Blue Metallic,Nougat Brown / Black,7-Speed Automatic with Auto-Shift,AWD
2018 Audi Q5 2.0T Premium,Audi,Gray,52725,Audi Morton Grove,(888) 510-2233,4.5,213,,109,Monsoon Gray Metallic,Black,7-Speed Automatic with Auto-Shift,AWD
2018 Audi Q5 2.0T Premium,Audi,Black,54225,The Audi Exchange,(847) 739-9944,4.9,558,,102,Mythos Black Metallic,Black,7-Speed Automatic with Auto-Shift,AWD
2018 Audi Q5 Premium,Audi,White,46120,Fletcher Jones Audi,(312) 635-7294,4.8,538,,121,White,BROWN,7-SPEED A/T,All Wheel Drive
2018 Audi Q5 Premium Plus,Audi,Black,54185,Audi Hoffman Estates,(847) 961-4989,4.9,1138,,100,Mythos Black Metallic,Black,Automatic,AWD
2018 Audi Q5 2.0T Premium,Audi,Black,52950,Audi Morton Grove,(888) 510-2233,4.5,213,,109,Brilliant Black,Atlas Beige / Gray,7-Speed Automatic with Auto-Shift,AWD
2018 Audi Q5 2.0T Prestige quattro,Audi,Silver,53525,Audi North Shore,(414) 375-4847,3.5,14,,75,Florett Silver Metallic,Black,7-Speed Automatic with Auto-Shift,AWD
2018 Audi Q5 2.0T Premium Plus,Audi,Gray,54340,Audi Orland Park,(708) 390-0186,4.7,248,,131,Monsoon Gray Metallic,Black,7-Speed Automatic S tronic,quattro
2018 Audi Q5 2.0T Premium,Audi,Silver,55975,Audi Morton Grove,(888) 510-2233,4.5,213,,109,Florett Silver Metallic,Black,7-Speed Automatic with Auto-Shift,AWD
2018 Audi Q5 Premium Plus,Audi,Silver,53235,Audi Hoffman Estates,(847) 961-4989,4.9,1138,,100,Florett Silver Metallic,Black,Automatic,AWD
2018 Audi Q5 2.0T Premium,Audi,White,53800,Audi Morton Grove,(888) 510-2233,4.5,213,,109,Ibis White,Black,7-Speed Automatic with Auto-Shift,AWD
2018 Audi Q5 2.0T Premium,Audi,Silver,56175,The Audi Exchange,(847) 739-9944,4.9,558,,102,Florett Silver Metallic,Black,7-Speed Automatic with Auto-Shift,AWD
2018 Audi Q5 2.0T Premium,Audi,White,46800,The Audi Exchange,(847) 739-9944,4.9,558,,102,Ibis White,Atlas Beige / Gray,7-Speed Automatic with Auto-Shift,AWD
2018 Audi Q5 2.0T Premium Plus,Audi,Blue,53525,Audi Orland Park,(708) 390-0186,4.7,248,,131,Moonlight Blue Metallic,Nougat Brown,7-Speed Automatic S tronic,quattro
2018 Audi Q5 Premium Plus,Audi,White,52800,Fletcher Jones Audi,(312) 635-7294,4.8,538,,121,White,Black,7-SPEED A/T,All Wheel Drive
2018 Audi Q5 2.0T Premium Plus quattro,Audi,Black,51155,Team Audi Volkswagen,(219) 810-6621,3.8,8,,156,Brilliant Black,Black,7-Speed Automatic with Auto-Shift,AWD
2018 Audi Q5 2.0T Premium,Audi,Gray,55780,Lujack's Northpark Autoplaza,(888) 481-5702,3.5,5,,119,Monsoon Gray Metallic,Rock Gray,7-Speed Automatic with Auto-Shift,AWD
2018 Audi Q5 2.0T Premium,Audi,Gray,54375,Audi Morton Grove,(888) 510-2233,4.5,213,,109,Monsoon Gray Metallic,Black,7-Speed Automatic with Auto-Shift,AWD
2018 Audi Q5 2.0T Premium,Audi,White,53800,Audi Morton Grove,(888) 510-2233,4.5,213,,109,Ibis White,Black,7-Speed Automatic with Auto-Shift,AWD
2018 Audi Q5 2.0T Premium,Audi,Silver,52725,Audi Morton Grove,(888) 510-2233,4.5,213,,109,Florett Silver Metallic,Black,7-Speed Automatic with Auto-Shift,AWD
2018 Audi Q5 2.0T Premium,Audi,Black,53635,Lujack's Northpark Autoplaza,(888) 481-5702,3.5,5,,119,Mythos Black Metallic,Black,7-Speed Automatic with Auto-Shift,AWD
2018 Audi Q5 2.0T Prestige,Audi,Blue,58480,Audi Orland Park,(708) 390-0186,4.7,248,,131,Navarra Blue Metallic,Black,7-Speed Automatic S tronic,quattro
2018 Audi Q5 2.0T Premium,Audi,White,52910,Bergstrom Imports on Victory Lane,(877) 245-2925,4.3,390,,97,Ibis White,Nougat Brown / Black,7-Speed Automatic with Auto-Shift,AWD
2018 Audi Q5 2.0T Premium,Audi,White,52150,Audi Morton Grove,(888) 510-2233,4.5,213,,109,Ibis White,Black,7-Speed Automatic with Auto-Shift,AWD
2018 Audi Q5 2.0T Premium,Audi,Blue,54495,Audi North Shore,(414) 375-4847,3.5,14,,75,Moonlight Blue Metallic,Rock Gray,7-Speed Automatic with Auto-Shift,AWD
2018 Audi Q5 2.0T Premium,Audi,Gray,54375,Audi Morton Grove,(888) 510-2233,4.5,213,,109,Monsoon Gray Metallic,Black,7-Speed Automatic with Auto-Shift,AWD
2018 Audi Q5 2.0T Premium,Audi,Gray,54375,Audi Morton Grove,(888) 510-2233,4.5,213,,109,Manhattan Gray Metallic,Black,7-Speed Automatic with Auto-Shift,AWD
2018 Audi Q5 2.0T Premium,Audi,White,53800,Audi Morton Grove,(888) 510-2233,4.5,213,,109,Ibis White,Black,7-Speed Automatic with Auto-Shift,AWD
2018 Audi Q5 2.0T Premium,Audi,Black,56775,Audi Morton Grove,(888) 510-2233,4.5,213,,109,Mythos Black Metallic,Black,7-Speed Automatic with Auto-Shift,AWD
2018 Audi Q5 Prestige,Audi,Black,59355,Audi Westmont,(877) 457-9706,4.8,354,,115,Mythos Black Metallic,Black,7-Speed Auto-Shift Manual w/OD,AWD
2018 Audi Q5 Prestige,Audi,White,59005,Audi Westmont,(877) 457-9706,4.8,354,,115,Ibis White,Nougat Brown,7-Speed Auto-Shift Manual w/OD,AWD
2018 Audi Q5 2.0T Premium,Audi,Black,58475,The Audi Exchange,(847) 739-9944,4.9,558,,102,Mythos Black Metallic,Black,7-Speed Automatic with Auto-Shift,AWD
2018 Audi Q5 2.0T Premium,Audi,White,52800,Continental Audi of Naperville,(888) 514-9110,4.8,470,,111,Ibis White,Atlas Beige / Gray,7-Speed Automatic with Auto-Shift,AWD
2018 Audi Q5 Premium Plus,Audi,Gray,53125,Fletcher Jones Audi,(312) 635-7294,4.8,538,,121,Gray,BROWN,7-SPEED A/T,All Wheel Drive
2018 Audi Q5 Premium Plus,Audi,Blue,48550,Fletcher Jones Audi,(312) 635-7294,4.8,538,,121,Blue,GRAY,7-SPEED A/T,All Wheel Drive
2018 Audi Q5 Premium,Audi,White,45325,Fletcher Jones Audi,(312) 635-7294,4.8,538,,121,White,Black,7-SPEED A/T,All Wheel Drive
2018 Audi Q5 Premium Plus,Audi,Other,51730,Audi Westmont,(877) 457-9706,4.8,354,,115,Florett Silver Met,Black,Automatic,AWD
2018 Audi Q5 Prestige,Audi,Other,55325,Audi Westmont,(877) 457-9706,4.8,354,,115,Manhattan Gray Met,Black,Automatic,AWD
2018 Audi Q5 2.0T Prestige quattro,Audi,Gray,56165,Audi North Shore,(414) 375-4847,3.5,14,,75,Manhattan Gray Metallic,Black,7-Speed Automatic with Auto-Shift,AWD
2018 Audi Q5 Prestige,Audi,Blue,58580,Audi Westmont,(877) 457-9706,4.8,354,,115,Utopia Blue Metallic,Black,Automatic,AWD
2018 Audi Q5 2.0T Prestige quattro,Audi,Blue,54955,Audi North Shore,(414) 375-4847,3.5,14,,75,Navarra Blue Metallic,Rock Gray,7-Speed Automatic with Auto-Shift,AWD
2018 Audi Q5 Premium Plus,Audi,Gray,52575,Fletcher Jones Audi,(312) 635-7294,4.8,538,,121,Gray,Black,7-SPEED A/T,All Wheel Drive
2018 Audi Q5 Premium Plus,Audi,Blue,53375,Fletcher Jones Audi,(312) 635-7294,4.8,538,,121,Blue,BROWN,7-SPEED A/T,All Wheel Drive
2018 Audi Q5 Premium Plus,Audi,White,52000,Fletcher Jones Audi,(312) 635-7294,4.8,538,,121,White,Black,7-SPEED A/T,All Wheel Drive
2018 Audi Q5 Premium,Audi,White,45325,Fletcher Jones Audi,(312) 635-7294,4.8,538,,121,White,Black,7-SPEED A/T,All Wheel Drive
2018 Audi Q5 Prestige,Audi,Blue,56775,Fletcher Jones Audi,(312) 635-7294,4.8,538,,121,Blue,BROWN,7-SPEED A/T,All Wheel Drive
2018 Audi Q5 Premium,Audi,Black,45525,Fletcher Jones Audi,(312) 635-7294,4.8,538,,121,Black,Black,7-SPEED A/T,All Wheel Drive
2018 Audi Q5 Premium,Audi,Black,45325,Fletcher Jones Audi,(312) 635-7294,4.8,538,,121,Black,BEIGE,7-SPEED A/T,All Wheel Drive
2018 Audi Q5 Premium Plus,Audi,White,48250,Fletcher Jones Audi,(312) 635-7294,4.8,538,,121,White,Black,7-SPEED A/T,All Wheel Drive
2018 Audi Q5 Premium Plus,Audi,White,46475,Audi Westmont,(877) 457-9706,4.8,354,,115,Ibis White,Rock Gray,Automatic,AWD
2018 Audi Q5 2.0T Premium,Audi,Blue,,Napleton Autowerks Loves Park,(815) 916-4212,4.9,339,,57,Moonlight Blue Metallic,Rock Gray,7-Speed Automatic with Auto-Shift,AWD
2018 Audi Q5 2.0T Premium,Audi,Blue,,Napleton Autowerks Loves Park,(815) 916-4212,4.9,339,,57,Moonlight Blue Metallic,Nougat Brown / Black,7-Speed Automatic with Auto-Shift,AWD
2018 Audi Q5 2.0T Premium Plus quattro,Audi,White,,International Autos,(414) 203-5342,3.8,56,,71,Ibis White,Atlas Beige / Gray,7-Speed Automatic with Auto-Shift,AWD
2018 Audi Q5 2.0T Premium,Audi,Gray,,International Autos,(414) 203-5342,3.8,56,,71,Manhattan Gray Metallic,Black,7-Speed Automatic with Auto-Shift,AWD
2018 Audi Q5 2.0T Premium Plus quattro,Audi,Black,,International Autos,(414) 203-5342,3.8,56,,71,Mythos Black Metallic,Black,7-Speed Automatic with Auto-Shift,AWD
2018 Audi Q5 2.0T Premium,Audi,Gray,,International Autos,(414) 203-5342,3.8,56,,71,Monsoon Gray Metallic,Black,7-Speed Automatic with Auto-Shift,AWD
2018 Audi Q5 2.0T Premium Plus quattro,Audi,Gray,,International Autos,(414) 203-5342,3.8,56,,71,Manhattan Gray Metallic,Black,7-Speed Automatic with Auto-Shift,AWD
2018 Audi Q5 2.0T Prestige quattro,Audi,Gray,,International Autos,(414) 203-5342,3.8,56,,71,Manhattan Gray Metallic,Black,7-Speed Automatic with Auto-Shift,AWD
2018 Audi Q5 2.0T Premium Plus quattro,Audi,Gray,,International Autos,(414) 203-5342,3.8,56,,71,Manhattan Gray Metallic,Black,7-Speed Automatic with Auto-Shift,AWD
2018 Audi Q5 2.0T Premium,Audi,White,,International Autos,(414) 203-5342,3.8,56,,71,Ibis White,Rock Gray,7-Speed Automatic with Auto-Shift,AWD
2018 Audi Q5 2.0T Premium Plus quattro,Audi,Black,,International Autos,(414) 203-5342,3.8,56,,71,Mythos Black Metallic,Black,7-Speed Automatic with Auto-Shift,AWD
2018 Audi Q5 2.0T Premium,Audi,White,,International Autos,(414) 203-5342,3.8,56,,71,Ibis White,Nougat Brown / Black,7-Speed Automatic with Auto-Shift,AWD
2018 Audi Q5 2.0T Premium,Audi,Black,,International Autos,(414) 203-5342,3.8,56,,71,Brilliant Black,Atlas Beige / Gray,7-Speed Automatic with Auto-Shift,AWD
2018 Audi Q5 2.0T Premium,Audi,Silver,,International Autos,(414) 203-5342,3.8,56,,71,Florett Silver Metallic,Black,7-Speed Automatic with Auto-Shift,AWD
2018 Audi Q5 2.0T Premium,Audi,Blue,,International Autos,(414) 203-5342,3.8,56,,71,Moonlight Blue Metallic,Nougat Brown / Black,7-Speed Automatic with Auto-Shift,AWD
2018 Audi Q5 2.0T Premium,Audi,Silver,,International Autos,(414) 203-5342,3.8,56,,71,Florett Silver Metallic,Black,7-Speed Automatic with Auto-Shift,AWD
2018 Audi Q5 2.0T Premium,Audi,White,,International Autos,(414) 203-5342,3.8,56,,71,Ibis White,Atlas Beige / Gray,7-Speed Automatic with Auto-Shift,AWD
2018 Audi Q5 2.0T Premium,Audi,Gray,,International Autos,(414) 203-5342,3.8,56,,71,Monsoon Gray Metallic,Black,7-Speed Automatic with Auto-Shift,AWD
2018 Audi Q5 2.0T Premium,Audi,Black,,International Autos,(414) 203-5342,3.8,56,,71,Mythos Black Metallic,Black,7-Speed Automatic with Auto-Shift,AWD
2018 Audi Q5 2.0T Prestige quattro,Audi,Blue,,International Autos,(414) 203-5342,3.8,56,,71,Moonlight Blue Metallic,Nougat Brown / Black,7-Speed Automatic with Auto-Shift,AWD
2018 Audi Q5 2.0T Prestige quattro,Audi,Gray,,International Autos,(414) 203-5342,3.8,56,,71,Manhattan Gray Metallic,Black,7-Speed Automatic with Auto-Shift,AWD
2018 Audi Q5 2.0T Premium,Audi,Black,,International Autos,(414) 203-5342,3.8,56,,71,Mythos Black Metallic,Black,7-Speed Automatic with Auto-Shift,AWD
2018 Audi Q5 2.0T Prestige quattro,Audi,White,,International Autos,(414) 203-5342,3.8,56,,71,Ibis White,Black,7-Speed Automatic with Auto-Shift,AWD
2018 Audi Q5 2.0T Premium,Audi,White,,International Autos,(414) 203-5342,3.8,56,,71,Ibis White,Atlas Beige / Gray,7-Speed Automatic with Auto-Shift,AWD
2018 Audi Q5 2.0T Premium Plus quattro,Audi,Blue,,International Autos,(414) 203-5342,3.8,56,,71,Moonlight Blue Metallic,Nougat Brown / Black,7-Speed Automatic with Auto-Shift,AWD
2018 Audi Q5 2.0T Premium,Audi,White,,International Autos,(414) 203-5342,3.8,56,,71,Ibis White,Black,7-Speed Automatic with Auto-Shift,AWD
2016 Audi Q5 3.0 TDI Premium Plus quattro,Audi,Black,,The Audi Exchange,(847) 739-9944,4.9,558,,102,Mythos Black Metallic,Black,8-Speed Automatic,AWD
2016 Audi Q5 3.0 TDI Premium Plus quattro,Audi,Blue,,The Audi Exchange,(847) 739-9944,4.9,558,,102,Moonlight Blue Metallic,Chestnut Brown,8-Speed Automatic,AWD
2016 Audi Q5 3.0 TDI Premium Plus quattro,Audi,Black,,The Audi Exchange,(847) 739-9944,4.9,558,,102,Brilliant Black,Black,8-Speed Automatic,AWD
2018 Audi Q5 2.0T Premium,Audi,Gray,,"International Autos Jaguar, Land Rover, Subaru, Volvo Cars",(866) 968-7405,4.7,97,,131,Monsoon Gray Metallic,Black,Automatic with Tiptronic,AWD
2018 Audi Q5 2.0T Premium,Audi,Gray,,My Auto Import Center,(231) 981-0049,4.9,578,,164,Monsoon Gray Metallic,Black,7-Speed Automatic with Auto-Shift,AWD
2018 Audi Q5 2.0T Premium Plus quattro,Audi,Gray,,My Auto Import Center,(231) 981-0049,4.9,578,,164,Manhattan Gray Metallic,Nougat Brown / Black,7-Speed Automatic with Auto-Shift,AWD
2018 Audi Q5 2.0T Premium,Audi,Black,,My Auto Import Center,(231) 981-0049,4.9,578,,164,Mythos Black Metallic,Black,7-Speed Automatic with Auto-Shift,AWD
2018 Audi Q5 2.0T Premium,Audi,Gray,,My Auto Import Center,(231) 981-0049,4.9,578,,164,Monsoon Gray Metallic,Black,7-Speed Automatic with Auto-Shift,AWD
2018 Audi Q5 2.0T Prestige quattro,Audi,White,,My Auto Import Center,(231) 981-0049,4.9,578,,164,Ibis White,Atlas Beige / Gray,7-Speed Automatic with Auto-Shift,AWD
2018 Audi Q5 2.0T Premium,Audi,Gray,,Luther Park Place BMW,(507) 226-9966,4.9,912,,166,Manhattan Gray Metallic,Black,7-Speed Automatic with Auto-Shift,AWD
2018 Audi Q5 2.0T Premium,Audi,Black,,Luther Park Place BMW,(507) 226-9966,4.9,912,,166,Brilliant Black,Nougat Brown / Black,7-Speed Automatic with Auto-Shift,AWD
2018 Audi Q5 2.0T Premium,Audi,Gray,,Luther Park Place BMW,(507) 226-9966,4.9,912,,166,Monsoon Gray Metallic,Black,7-Speed Automatic with Auto-Shift,AWD
2018 Audi Q5 2.0T Premium,Audi,Black,,Luther Park Place BMW,(507) 226-9966,4.9,912,,166,Mythos Black Metallic,Nougat Brown / Black,7-Speed Automatic with Auto-Shift,AWD
2018 Audi Q5 2.0T Premium,Audi,Blue,,Luther Park Place BMW,(507) 226-9966,4.9,912,,166,Navarra Blue Metallic,Black,7-Speed Automatic with Auto-Shift,AWD
